/*
Navicat MySQL Data Transfer

Source Server         : localhost
Source Server Version : 50713
Source Host           : localhost:3306
Source Database       : db_lte

Target Server Type    : MYSQL
Target Server Version : 50713
File Encoding         : 65001

Date: 2017-01-03 20:38:51
*/

SET FOREIGN_KEY_CHECKS=0;

-- ----------------------------
-- Table structure for act_evt_log
-- ----------------------------
DROP TABLE IF EXISTS `act_evt_log`;
CREATE TABLE `act_evt_log` (
  `LOG_NR_` bigint(20) NOT NULL AUTO_INCREMENT,
  `TYPE_` varchar(64) COLLATE utf8_bin DEFAULT NULL,
  `PROC_DEF_ID_` varchar(64) COLLATE utf8_bin DEFAULT NULL,
  `PROC_INST_ID_` varchar(64) COLLATE utf8_bin DEFAULT NULL,
  `EXECUTION_ID_` varchar(64) COLLATE utf8_bin DEFAULT NULL,
  `TASK_ID_` varchar(64) COLLATE utf8_bin DEFAULT NULL,
  `TIME_STAMP_` timestamp(3) NOT NULL DEFAULT CURRENT_TIMESTAMP(3) ON UPDATE CURRENT_TIMESTAMP(3),
  `USER_ID_` varchar(255) COLLATE utf8_bin DEFAULT NULL,
  `DATA_` longblob,
  `LOCK_OWNER_` varchar(255) COLLATE utf8_bin DEFAULT NULL,
  `LOCK_TIME_` timestamp(3) NULL DEFAULT NULL,
  `IS_PROCESSED_` tinyint(4) DEFAULT '0',
  PRIMARY KEY (`LOG_NR_`)
) ENGINE=InnoDB DEFAULT CHARSET=utf8 COLLATE=utf8_bin;

-- ----------------------------
-- Records of act_evt_log
-- ----------------------------

-- ----------------------------
-- Table structure for act_ge_bytearray
-- ----------------------------
DROP TABLE IF EXISTS `act_ge_bytearray`;
CREATE TABLE `act_ge_bytearray` (
  `ID_` varchar(64) COLLATE utf8_bin NOT NULL,
  `REV_` int(11) DEFAULT NULL,
  `NAME_` varchar(255) COLLATE utf8_bin DEFAULT NULL,
  `DEPLOYMENT_ID_` varchar(64) COLLATE utf8_bin DEFAULT NULL,
  `BYTES_` longblob,
  `GENERATED_` tinyint(4) DEFAULT NULL,
  PRIMARY KEY (`ID_`),
  KEY `ACT_FK_BYTEARR_DEPL` (`DEPLOYMENT_ID_`),
  CONSTRAINT `ACT_FK_BYTEARR_DEPL` FOREIGN KEY (`DEPLOYMENT_ID_`) REFERENCES `act_re_deployment` (`ID_`)
) ENGINE=InnoDB DEFAULT CHARSET=utf8 COLLATE=utf8_bin;

-- ----------------------------
-- Records of act_ge_bytearray
-- ----------------------------
INSERT INTO `act_ge_bytearray` VALUES ('75002', '1', 'leave.png', '75001', 0x89504E470D0A1A0A0000000D49484452000002E9000001360806000000DC440C6C000000206348524D00007A26000080840000FA00000080E8000075300000EA6000003A98000017709CBA513C0000000467414D410000B18E7CFB5193000000017352474200AECE1CE900000006624B474400FF00FF00FFA0BDA793000000097048597300000EC400000EC401952B0E1B000020004944415478DAED9D077C5545FABF2705123A284204542C3FB1D045717759655DACAB620382A8B0D8D6551710B16001D62E20ACE8DFBE028A045081153BABA8B8A214A98AAC0BA1284129A10708C97FBEE7CE494E2EE9F526799ECF6772EF3DF79C734FE69C99F9CE3BEFBC630C00000000000000000000000000000000000000000000000000000000000000000000000000000000000000000000000000000000000000000000000000000000000000000000000000000000000000000000000000000000000000000000000000000000000000000000000000000000000000E44614595071646666C6AF59B3E6B65DBB765DB367CF9E56BB77EF8ECFC8C82063CAE2418F8ACA8C8B8BDB52B366CD6F0E1C3830AA4B972E9F922B407D01D41740F9A47C22D22107B630FF65F3E6CDA3D3D2D26A27242498060D1A987AF5EA99E8E86832A70C5065692B4FB363C70E939292B2FFE0C183DFEFDDBBF79AF3CF3F7F39B903D417407D01944FCA27221DCCBA75EB66AC5EBDBAFBD1471F6D9A356BA65E219952CEFCFCF3CF263939796F666666EF73CE3967263902D417407D01944FCA672411C3ED2DFF026D53F7934F3ED91C71C41114E80A42568EC30E3BACC62FBFFCF2A76BAEB966D9C4891357912B407D01D41740F9A47C22D2AB211A12B3BDBDC12AD0F5EBD73FE4FB7DBB369994EFA69B94EF679ACD6B3E357BB6AD3171759A98D8B8FA645E1950B3664D15ECB89494948BFAF4E9F3EEEBAFBFFE0BB902D417407D01944FCA672480C35439A14925F259D390585E057AFDA27F9A5D9B7F301907F79BCC8C74B367EBFFCCBA85AF98B41D3F918165449D3A754CCB962D336262629E263780FA02A82F80F249F944A457BF5EF76D9A54229FB5DCD8BAF60B93BE7FF721DB55C037AF99430696212D5AB4382C3636F6FF3EFEF8E333C98DC2D1AF5FBF86E402F505F505659AF249F9A47C22D22B3D0ACBA459DF79F9ACEDCDA777AD5E39942D4D9A3449B12F57921305F3C0030F5C631BA86D23468CE84B6E505F505F50A6299F944FCA2722BD52A3B8A90ACB941799070FE47D7026B156CB9AC68D1B37B72F5DC989FC79F0C1077B6FD8B061C285175EA8D9F4FF1C3A74683F7285FA82FA82324DF9A47C523E11E995162D6CA019C81099D87B73A47D694F4EE4CD902143AE5CB76EDD6BB7DD765BF475D75D67060C1810BD69D3A697070D1A747579D4BB3615341CDF329FEFBABA73505F00F505659AF249F944A443360ABECFC206115C1042F726969CC81D59DB366FDE3CF5F6DB6F8FE9D8B1A3B7AD5DBB766AD463B66DDB36B11C1AF5D636BD6A53BF40EAE61A6A3FBD14764CFBC07709363DE6DE3F64D305D417509DEB0BCA34E593F28948874252A356A33CBF8B8DA3C70E1587FC54D7AF5FFFBAAC6D7E63EED3A64D1B3370E040AF51BFF5D65B2F2FE34B5962D3F8409A6DD31C9B76B9D70D61FBFF68D35C9BCE77DFDF68D3CD363D62D30795B912A7BE00CA74AE659AF209558A326BA4FAF4E9D3223D3DFDB2468D1A5DBE7FFFFE536D6A683FC7D91E4E7A5C5C5CAA4DDFEFDCB97396DDF58D4993266DA8EE37E2B0A37F6BF6EFFEE59019E131356A99C38EE9C2930A15D698CB4F55C3E0B2B2E586B6DF71C71D31A3478F9E72DD75D7F59838716259AEF876B1090D716B62509AABC364510B5F0EFA02F7BDD86E9366FA6B68FD5DF7BEA54D7FB2E9DAC07ED4174099AEBC655AC774B6E9DE8A2ED3944F885891DEBB77EFCBEAD7AFFF8015E327B66DDB36AE43870E358E3AEA28059937F1F1F1262D2D2DD68AF3C6B617FFFBA54B979E397FFEFC076FBEF9E6D53B76EC7872F2E4C9AF57D71B51F788934D9D5FBF37DB7F5E74C8F67A4D4EE549858A68CCFB14D498FBC8FA3678F0E01AA3468D9ADAB76FDF2B264C98F06E195D963AF65D6D4A769F4F3221CB5A78A32CAB5A6B27C6E7B96DA9EEF504F7FD78EA0BA04C474499969BCB8FA550A693289F8048CF85C4C4C496B56BD77EAD4E9D3A6DFBF5EB575F15404CCCA10B9A4AA82B6909DD8E1D3BD6B0FBD658B264491BDB537FF6CF7FFEF3E05DBB76F598366DDA8FD5F1661C3CB0F7906DE9FB76F29442B93370E0C0CBD6AC5933E1F6DB6F2FB0310F36EA77DE7967CD9123474EB79DF54B6DA7BBAC869F155A6BB47BAF61EFCD2E85D3D8A55961DB25F2E3A92F80321D3165FA569B0655A5324DF984D2A0547CD27BF5EA956885F7D2EEDDBB9F3E66CC98FAF271CB4DA0E7852A8CD1A347D7EFD9B367DBBA75EB7E7BDD75D755AB58ADFB77FFEAAD44B6CBF6BCC3D9BDE5BF66DD8297BC7D00CA0359DB525353DF0C4E282B2C6AD4870C195223363676BAAD172E2EE54BF3AD665B4CC892AEB4DD35E67945796865724E44533A46ED25F50550A623A64C6FA82A659AF2091125D2ADA0EEDEB061C357860E1D5AEFD24B2F8D2B8A380FE7820B2E881E366C58DDDAB56B3F77C30D37DC5A1D6E8086C3D62D7CD9ECD9B626CF7DF6A4AE35C9DF3C67B6ADFB8FC924C62A94215AD42439397962711AF360A33E78F0E0F89A356B4E2BE546DD6FD08F37D9D1206412CC6B4450FEAAFEAA2227849D278DFA0228D31153A61B16A14C6F89D4324DF9848812E9B2A0D7AA55EB8D871E7AA8F6FFFDDFFF95CA051D73CC31E6EF7FFF7B2DDB6B1F59952DEAEA49AFFF7682D9F8DDDBB92E1F1C8E9613DEB4EA3DB37ED1AB266DE7469E5C2893C65C8B9AC85FB5B88DB98F46C7860C1952168DBA9862B2A3413C614291207263836BEC6595D3A4B4EE26141162840959DFEA525F0065BAD295E9F44099FE63A04C5F6C0A8EBB4EF984EA21D2E5836E05FA8BB6775D5BFEE5A589CE77CF3DF7D48A898979A677EFDE2755C58C574F5A435F45453DF4B5F35FE0C9855245C3E17E635E587FD58270C3E4F1356AD4986ACB7169C6300EFAA32E30D9C3DCC1E16E35D8ED5DA3BDCB1D33C57D2781AE8967EF505F0065BA5297E97703655A62FD63CA2754258A3D71B44E9D3A932FBDF4D29AA565410F4716F59E3D7BD69E3A75EA64FBB14355CB78F5A48B4B66463A4F2E941AB94D284B4D4D35B7DC72CB21FB3EFDF4D326D829DFB3678FB9FEFAEB0FD9EFD9679FF5223AA951BFEBAEBB6A3DF9E4936FD946FDCA124C3C6B6172F739D5360D7B3F67421638BF5EFBA3FB2C21A138CAFBDC77DDDCF7334C28541BF50550A62B7F993EDC95E9DB299F50ED45BAC22C5A917EEA85175E18579617271FF50F3FFCF078FB7BD7547478C6C4C4C4FBA3A2A2966FDCB871D69C39734A5CAA4EEAF6304F1F5438B2B6B9C63C87BF6AC3860DBD067DC284095EA32DB48ADBF3CF3FAF21F4ACFD5E7CF14553A3460D73E0C001EF73A3468DCC9FFEF427AF31F77111226A8F1C39F24DB9C84D99326556312EF54D93B7CFA9ACE2A79B9CD6373F52C4F87CCE39AFB2DC27EA0BA04C476E99A67C4259512C7717C541EFDBB76F3D15E4B2A67FFFFEF52C9160F17A283333737AD3A64DB759C1FE9A86FA7AF4E851974708CAB3A3A80E72D7AE5D4B2574AA5BD424CF0965679D759639F2C823B33E6B296CDBF89B050B16789F7FF8E107B36CD9B2ACC63C36365675833AD7879C4BD6BCBBEEBA4B1122928AE9CF5AD0A4B0F408BC5F5D4BEB5E01E599321DD9790F1011225D2B895AB1DAAAB47CDC0A423D765B091C231FF848C8B0A8A82809F36B6C1EBC1F1313B3CE5ED7AB12ECFDFAF52BB718AD1F7CF081494F2F5CFDF5EBAFBF9A8F3EFAA8D0E7D679A74D9B16AA41D3D2CCAE5DBB72A4E79E7BCE6CDBB62D6BFFEFBFFFDE7CF6D96766EEDCB939D2ABAFBE6A525252F2FD2D59740AFA3F5E7EF965EF37C492254BB2B6AF5BB7AE3A9657AFA3989090B0A5A41DC5E0AA83F94D28BBEDB6DB4CEDDAB5B33EEFDDBBD7BB273B77EE34E3C68DCBB2C809ED77D34D37E5197EB56DDBB635FD46BD94FD5923954FAD205A63EFD58B3675AA6C173F79F2E42295B3FFFCE73F87D435128194FF020D3F5B4BC3F043992E5EDEDB0EC6EB55D5E8A632196CAFFD6DD210B9F1F3CF3F9BF7DE7B2FABEDD6AB7440356F772B9748B795EA659D3A75AA5992508B45E5CC33CFD4EFF58CC0FC6B64533F0976FB206F7682BDCC7BE7FBF7EFF7C4B2D8B0618357A8D490A900DD7BEFBDE6975F7EC9DA57BE86FFFEF7BFBD7DB4EFBFFEF52FAF802AFDFDEF7F379F7CF2498E73BFF5D65BE69B6FBEF1DEFFF4D34F66C78E1DE6F3CF3F378F3DF698B7EDDA6BAF35F5EAD5CBDA7FE9D2A55EE57EC61967E448F3E6CD3BA462D7EF07D1A256AA30F2DB47561DAD582B060D1AE4FDEFE2BAEBAECB57005471EA073A8A6B8BDA517CF0C1077B1776D541DB21F0AC68B56AD5CADAA646FC91471EF19E0D1F3D13BFF9CD6FCC71C71D97EFF9D4A80F193224DA32B90C2244441CF61EC9EFF6469BE6DBFBF4AB4D2F54160BFBA449930E298F4154A7F875899204BA2F0094E44671D55557659559CA7F9E869F7A2535FC50A68B9FF736F5A948A35B59F2D4534F79A3222A2BB366CDF2B4C1E6CD9BBD722403DECD37DF9C63FF0F3FFCD0D4AC59D3FCF9CF7FF6CAF0C89123BD5116E9027D56070FCA972237148D1A35BADC16CA1AE57171EAD5A9124F4D4DAD610BD0EDB600A956DE9C4B4398660BDA21665B5B69A4DA8733357CFBC18307D3A64D9B9652CA975BC709F67EB274DA82AE59E613E2E2E2E68C1F3FBE54E2B74A3CCB3FB055AB565E9A3D7BB6B77DD3A64DA673E7CEE6F0C30FF70A6093264DBCEDAA70DF79E71DCF12225AB468E1259F2D5BB664357A3E2A88B6C23777DF7DB72C3366FDFAF55E011F3870A0A95BB7AE57606D272D98C766F9F2E5392C3362E3C68D9A5CECF5E275CD222929C99C72CA29DE317E2F5D0D81DFAB97455EFFC39D77DEE959D8D483D7EBFFFEF73FEF5A9B376FEE5520420DB77F9E6ACE61FE7367F36BB72D23D36C599899D7DC09DB985E693B73AF1565D5C12BAEB8C2BB37B2B80955FAEA10DADFCCAE48626335D1BB50E7B3BF5B6BF0E0C119A3468D7AC336EA5717D39FB532A2C55954186F6ADAB4698AFDDF67D93C9C621BCE39A531CFA5B459B56A9537D9302F2EBAE8224F54AF5EBDDA2B8B12DD42F584AD63CDC9279F6CFEF297BF64ED4FF92F92E147E5798F2DCF53F32BCF94E98ACDFB4846EDBFCAC8A2458BBC7BAD72D5AD5B37AF5D176FBEF9A679F8E1870FD11812E81A4553474EED78FBF6EDBD322D66CE9C498B1BE922DD8ABA531579A53C9040570FCE217539328FDE70AEC7E765699185D716C0DCBE52414C3125F7853BDC1674FD40A21A1A5B69FD5890EB476190855AC391BA76095FF56A3FFEF863CFB5C4CFAFBE7D73869697EB499F3E7D0A757EEDDBB56B5773ECB1C79A3FFEF18F9E555E0DE45FFFFA57B370E1426F9F679E79C6EB910769DDBAB5E9D2A54BCE8CB48DAB2A88F9F3E79BF3CE3B2FEB7EA8610F5ACDD4D8CAA549A8E3A1DF16CA37753E748CFE576DD7FF29D11F9C0BA1C6E695575EC9EA085473821DC5ADB6A3F851B0A3286B9B6BCC8BB4A889CA8B3DC6B3AAECDEBDDBEF18677DAF0969FDFBF73FA4A3961F1D3A74A873D75D77ED7AF2C927AB9B50F7EBAC04FB72837DBDC10AF69DB64CCFB4EF279566A7BEA4A80C870F9587E3FB32ABF1D7C89B50A3AED13795EFB3CF3E3B477D4CF92F12B503E55973A13EB2CFC8F8E03342992E9FBCB775E987A56D742B6BDE78E30D633B4DE6E8A38FF6DA758D7A6BDB77DF7DE77D7FCE39E778EDB35F266559FFF1C71FBDF77A26D469D336B9B9EA5819F8AAF1E875A512E90D5580CB83DFFEF6B7598DC5BFFEF5AF0C5B609E32B92C156C2BAE78FB5D42F876BBADA1FD2EB78B95C927218FFC6851060DF20912B985B54AE4C7A9A79E6ABEFDF65BCFC544B3F0833E62B27ADBCA31EB73512C4D6A143581C856469ED097BFA8150F5E782EF5A86FBCF146F3D24B2F65F9ABFBA8C154431D5E99CB0AA37DD7AE5D9B25D26D056E1E7DF451E3372672D169DCB8B1D7B82727277B3D7FEDE35BE3946439535401EDA306FA8B2FBE307E2751E71A3A7468A934D01A8190C5C13684C3AB48D93E2CD851BCFAEAAB37D967E50859DB8AB3A8890494C4942C2DC18A5ACF982AEFE0E84A6169D7AE5D5DFB5CA5BEF0C20B6FDAE7EE4D7BBD3F56C74A38E0EE708DDFA957E3589168844DF734E8FE90176AF46545F77DC71B3468E035EA6DDBB6CDB15F2497FF4A505FE89FEC659F915EFE3362EBE749B6CE7F80325DF6791F6E74ABE8F25910BA9F320CFEF39FFFF4EEB18C6D2A43975C7289D7AEFB7A61FAF4E959227DEAD4A99E2B9467EDA953C713F732D0A91CFADB835180204245BA15CC71FEB06659D3AC5933CFA751CC9C39333A2929694859FE9EFC449B376F9E70F0E0C1DCF2654D214F7350868AB0467875870E1D8E2BC9B5C967506E25279C105A0959BE65B286A827ACA160BF710CBA971405897EF99B8BDFFDEE77DEEF05874EC3DD627C2EBBEC324F90ABB7ED23371C0D75CB4A16B49C0955166A588586D264815325202BBE047D10FD8FDA5FBDFF6BAEB9C6FBBF2EBDF4D2AC636D4350244B4F7EA8F157E7C732AC2A16745B6937555E9564D541DD83AFBFFE3ABC236C2EBFFCF292889D86EE3C7D0C6475EA259CAEBCF2CA0ABB06CD55916B8A0C242A87BE0BDD21D60EDB16C8721E8ECABE2CE1E1446AF9AF6CF5859E119B3FC32EBCF042CA74352C9F052183DBF0E1C3BD909B2A6F6AA335A743EDB43F595B1D0EBFFCA8D3A14E9B3A9E42967445FA91B0D731EA2C4BF86BE47ECC983154D2912CD2EDCDDE676F6EB90975FF61B2BDFB32F709737E67B9CE94CAC33DC6AFD4D26DC1F5F332C67E4EB59F67BBE1EB0F343CD6BF7FFFCC925C9B0A932C53AFBFFE7A965FB97C3935F1C3B776C9E2FDF8E38F6BB5D6229F5F134C35FCAC4651E7518FF9DC73CF0DDEF7438EF185B986D2C22D6B727FD9BA75ABE79EA3CA22D0C9CBF24155A7430DAF9E25BD0F860653A3AD4658DF5F7DF5D58734C6DAB7341BE8DFFFFEF79E48B00DEF88082EAF8511041A71CA083C8FBE75EC575BF11EBE64C99262AF3E28B124D7B2E0B0B8AC6EF25394A02B0E871F7EB8E69868F25655B4A4174BC0291FACF03DA1222F5C93CD35AA260B9A26806A9E4A6E0443F3F91D796D93C897909E32654A8ED1BD482DFF15545F14F6F9C8D5F0633B4E49B6CDBAC79667CA7439954D3FEF6DF93C2E922B1ECDF5907B98ACE59AD0AD912DE1778AFDF6FBD34F3FCD6ADFF59D7CD1852CE9FEDC379565B9C6C8CDF50F7FF803AA39D245BAED51A55A9AFAC31FE581ACBC356AD4D81941F976C009F35AAED02A1FA558D5FA4CA955ABD66C2BCC53CBE28715EDE0861B6EF0DECB9D24B8529CF8EF7FFFEBF5788B33A94A2317EA00C81AAFA12E35B6FA0D35BE2AB49E020C0C8B4A8C9F74D249DE8C7009753F5A805E65D5971FE969A79D16DEC9CB6AD8839634A5A0254D225F69C08001F95EB32C00E179501C34EC2E8BD4DD77DF3D3C520BABED28E6D5B064B8865CCEBAD1F6798CCEADA33874E8D09E63C68C99FCB7BFFDADC8C3E3B2AAA8A20FF749D40441DDB7F009C585C10A9C4D2FBDF4522D7BAD5725252555399FF47CEE57B8284FB5E555754796CFAB2DE3991575DD2AFFB2C4F9CF8846EA54AF045797969BDDE2C58BB326720ADF0AA76DFA4EE7D1A85CB08C466AF9AF88FA22BFE7A330861F7D61CBF412CA74A9E77D665460A25B5918DDCA1A8D7C6902A82CFE7237BDF8E28BBDB2A4516EDFC01A0CAD183EFAAE513075A665B4D308BB8E7BFFFDF73DA31B44BE485F610B70B98A74F506ADF05B1941F956C316D81A4E986BD5B477ED833FABAC2794E427BC6505FFF2CB2FBDC6B4B8F8A11DE503EA378E9A11AEC9BBB21CA9C0FEE31FFFC8DA5F1359C589279EE859DAFCB090B622F344BDDF630F223798DC2C691205EAB5178486C0E5BFEA139CF852CD38E02CE65AF537DAA57C3B8A8F3EFAE8D4810307EEB715ED9BF635A6B0D63735DA9A301C74690A5ADFB66FDFEE596D64792BAC75D30A804D4F3DF5542D2B10FA54B749A38ECD36FF66D832FD564A4ACAEC488A1E71FFFDF79B279E7822EBF37DF7DD67BA77EFEE59577DB71775E295D4784B24AB1CFBE113F51CE899503416DF3D85F25F2052CA7A066A16C5F043992E1D82C2DCBD968BD1AD5C1E2CDB09F3D718C8CB921E8EFCD683A36412E89A234844B54A20D2B76DDB36DDF6BE7FDFB973E71AE575912B56AC38B073E7CE191152985558E7D887D5B77A956BE19585C36FE4823E9FB280EB3BB9BB14549034A1440DA4AC5D8AE2E2A3C6521344D5EBD6769D5321D1646D519C74C558D74493279F7C3287F54A0D830ABF26826952577E916C24FA7D8296B4DCAC79F28BF37BFBAA6874BDEA30C8CF4EA32B7EE74416BC92F86556526AB836A5481DC5B163C7CEB08DF955F6F5CDC2468478FBEDB7732C70A2C9C21A755188547F6542BD6AE251BF7EFD0A3CDFAA55AB368E193326BE1A0A74150CD56353ECBD9A1789512214924D96B3E38F3F3E8755EEA1871ED27A159E1B5C8F1E3DB2CAACCAAF3F7227C1AD6743E2DDF761A5FC17DE06E3047A910D3F94E9921310E6E566742B0F6478D3646CE9827082F73F28E8C391C097D14DD1E3D459CFADBC420489F4D8D8D819B6C7FC78FFFEFD6B94D78246F3E6CDDB6F7BFE532B38AF1EB0E538D916DE372BAAF0AA0069B28ADFC30D17E3E156AB7DFBF6E5686C7D340A224B89AC50C386E51CF55301D422476A2457AE5CE9F5B6FD858C747E35BEF2510BFA990A5D97F65534983973E6E4E9C31A448D8026A6E466415383AFC9591A19F02B0559F77CAB99E22FCBD223ABBDBFD84975A1A41D4535EAB7DE7A6B0F7BAFA6FCED6F7FAB915FA3AE0E973A85C10A5DEE4CB2AE6AEE83E61D0889262D60A565C7F35BFC44C3E1A3468D6AA04965D544A0CB27570B1ABC62F37271A4C65B96855A8DB004B03AE6E1484CABBC6992A12FE27C54EE259E157FF9DD77DFCDAA6328FFE567F8A14C574EA35B59A37659F74FA321D20BFEDC3219D41482F38E3BEEC8B1BF3FA954FBCA954C1A416DBE34818ED1FC1085ED2CCCA817945207B23807DD7CF3CD0B6FBAE9A68EE561BD900FF633CF3CF3DD8B2FBE786A65CEE88F3FFE385385A52C50C1CA6D6267493B04653DB4A55E7ED0A7B5A2516CE773CF3D372A529FA1C4C4C4FBD551B48D49A974147BF6ECD9CD763ADF1D306040CDBCCAB226FDCACDC9AFBCFD65C2B578962A6D8DAAF8D64EDD4B0D93AA53975B075E8DB9ADE03571A1EFE4C99367982A8E5616B582686E71847959D617656944284A9D1169E5BFBCEB8BD22ECF94E9F2CBFBAA5A3E35FF449D74EDAB54DABA82F6BCE8144B85EDD8B1E3A1091326EC945F5B59630BD00EDBA37F8CFE54DE9445412A0FDFB3CADC4057044949490FDB86F0F5D26AD0A74E9D3AFBC08103DDC78D1B97E64FFA0BA2081B7227F01B7321772635E642FEC58A38E43F2B125D725150348170E4AFAAC65CC3E1D541A0BBFB35A732AE54585E7546752FFFA55D9E29D3159BF755A17CFAA36841AB3B544291AE026985F3CA77DF7D775F595EDC071F7C90B16DDBB6D51B376E4CE25601943EB62C7FB06FDFBECBC78E1D9BE64F2E125A0EFED9679FCD5A8DD04716B7200A011AF463D450F9C48913B386CC85AC6D9A5066DFF6AAA693440128D30050648ADD55DABB776FCFE9D3A72FB53DEFB86068AED2429320A74E9DBA272D2DAD7775B246015444A3DEB367CF4B468F1EFDCEC08103E3354CAE5585FD98B9F9A1A1F2FCF6F3233EA831D7EF90DB00946900281CC5F669484A4A4AB642FD265B09EC29ED257275BEC71F7F7CEFC183076FB395C04A6E1340D9A261F27DFBF65D22EBDBC2850B4BC58F4D8DF99831636ABAE1701A7300CA34009487481753A64C49DAB56BD7ED0F3CF0C09E92C4E70E220BFA830F3E68F5FFDEC7274E9C38815B0450EE8DFABE9236EAFE70B8ED685FC7703800651A00CA59A48B499326FD333535F5FA871F7E78F73BEFBC935E92C9A4F2411F3162C4AE9D3B77DE3661C284BF737B00CABF51B765F84A35EA8B172F2E5661F6279499B2F557555C3E66360150A60110E9F9218BFAFEFDFB5BCF9C3973C11D77DCB1333859A53028CCE25D77DDB57DDAB469CBD2D2D24E97F0E7D600540C1AC656A33E6AD4280D93EF2FCAB1C1096581E17005E37F3B2C4D2AE165FE6C53D7129E4311294E2FA36C3CC9A6976C5A6E93FC01DFB3E9019B0E2FC4B1BD780A81321DD1651AA05C28B55EAB7CD4EDCB6F121313AF7AEEB9E7EECDCCCC6CD5A953A79A1D3A74A8A1952B3569452B5A2AFEAA1649D0CA664B972E3DA0858AD2D3D3D7EED8B163644A4ACAEB4C1205888C46BD67CF9E978D193366C6A04183CC69A79D5660BC3C3F66B25B7530E8AFDAC5A68536CD0B6C8B84722E51B1A10CCE7BB64DEFD8F4884D0F9BD04A86BFB7496134544FBE56C0F1CFF00402653AA2CB74324F14542A911E10EB5A56F7CD3E7DFAB4F8F4D34FAFB285BCBB15E6ADF7EDDBD7D016F4D8E8E8E8F41A356AECAC5DBBF60FBB77EF9EB97FFFFE2427F0012082D030B91AF5A79E7A6ABA6DD40FD84E779DBCF6D5B2E05A75D0BECD6BD54135E633F268FC2EB4E99EC0B6BFD894E2F6571D759B0959C72402DEB2E95F61E718EB8EF7631EF776FB4E739FDBDA74BB090DA76FB4492375B2862938B486FD7E63539D30F1AC657D9BDA34C15DC3109B4EB3699F13D15FE59375136DBAD3A61703DB66B8D4C87DEEE37E23CE898AFF6742AB935E6B533D9E3EA04C477C9906A87C223DAB3B3B69D20657D0C692CD0095B751EFDDBB778F3163C6BC3578F0E01D1D3B76AC1FBE8F8BF810AF65C1F359D4448D6170985D0DAE5648F9C2A6C74DC842759F4D17DB34D0A64E01719BE11A4735BA837369D02500EE0F7C3EC735BC6AD08FB1E9DFEE9CDB6C6A63D3E5AE4197655BD6C1B5EE7592FB2D216B993F2F66AA1318BA8606EE9A2444728B3CF51B27045ECE231FB6B9D7C3DDFFB1DBE58DF2A1B9B491CBA7389E3EA04C578A320D506694C427BDB64B005085D130797A7A7AF7D1A34747CD9F3F7F47F0BB60C48702561DEC66D30D81D4D76D57037A85DBF6679BC6B9465D2E22A7BBC6B9A74DB2E44DB1E90F45BCFC7636E99A679A905FF813363D14B68F86EDD7DB7499FBDCD635CAFF72EF4FB1E9AF4E804C73D772651EBFA7E376068481E81548C7B96D4FDB34DDA6EDCA4613B2B09F68D3D74E8C0050A623B74C03940BC5B1A4ABA179CAF5389BBAA461A957023DD49E25E9E897F078002865DC30F91563C78E7D7BC08001DBCE38E38C4661FEAA05457C50439A5783AFE1EA1B5DA3DBDF84DC3E8C13B49F98EC216F538C86528DB8AC6B5A2EF14B9B3EB769A4130C415E74FBBDEDAEC11FD66E65D3D136FD14B67F5E93E464590C7757B9C8BD7635214BDE6A13726F91F5EF2B27D4653039C2E46EC903A04C47569906885891FEAA4DFF1778C03544DB39F0FDA5B91CE35BDCF714E2FC9756C58C8E8E8ECEB4155F947DE5A98B40ECBD59EB9E6528B8519FDEBC79F31D3FFDF4531D9B6FBD4B2924DB7526E4E3AAC674826BB8F7B9C6B430D4C9A59116DD4C7A5A00002000494441541A8297154FEE251ACE1E605333272082C8E774941311BA96366EFB0193EDE35A183E7182FB3C13B2D209DFC2F87640B4CB0A796C40AC5C497D417D511165BA57AF5EB78C1933E6954E9D3AA52C5CB8B07621057AB52ED3944FCA67B969C7E2FCFF366D097CFE29D0F8C83A14E7B629D575AF1FBA1EB532AE75E0D84C13F22B53AF7B6A1EC75709E2E3E37F51541B884CB66DDB267FC6C5E444C18DBACAF2860D1BE4C73AB3941AF381AEACFFC689D6A7DC76FD564BD738FAE4169E50F5C705EEBDFC553B04BED3D0F689AECE523DA5E1F546B99C638F6BD4B5CFDC8011428DB22C6F3D02FB1E6542C3E5B9A1EB1FE18C199DC3EADA067E75E08486EFCFDBD96DCBAA53A3A2A276505F505F9407F65993D12D6EC1820509A6F4E2A057E9324D7B4EF92C2F8A634957AF52CB8BCE3121BF2F3DF0DFB9EFFEEA7ACDC11ECCB181C64893413449E4CF81EF7706F6CFC8E5F82A418D1A35E66EDFBEFDCA060D1A50822290949414F9387E4F4E144C6666E68FC1D742323DECB3CABD84BE2C61F7063AEF57DBB4D4847CB327DB749509B9D2697F59CBE6BB4639C870138A5F2CABD926933D3953D4734602C52A975BC9E1EE9CB9A1DFB9C584A238041BFA4B5C03FD943B4723779D79A109739A103AC3191D74CC11AECED4F0BCDC5D0699905FED5E9B3E3539C3D73D6105D36B471D7594A1BEA0BE28479E08C441A74CE753A6BFFEFAEBB8264D9A503E299F1129D22F75BDE30EEEF5419B1E758529377AB91EAB6682D772852BBC105579D2D2D29EDCB871E3A5B6E1AD11151545298A2C92B76EDDAAC9484F931565C2B9F97CF79909CD6BF151C37B64E0B38C00B272D53639ADCFC18814135CE3DFD284A2A304F9D29D2F3797BBF0A816323AE45638758E134DD1DCF6FCC8563AA681131A41DFDBDFBB73AE3339FD73C5E40E1D3AACB1F5C517B6BE88A5BEA0BE28AF668A325DB8321D1313D3D596CF19B4E794CFB2A6B80E559AEC24D714C5F495E5FBF63CF693DFE560D7936DEEF6AD969C75D659DF6466662ED5224E10592C5FBEFC637B6F7E3EF7DC73E7911B11CB1E9333DC5B38FB7369CCC38FDF530AD7B0A718C76C34B94F8E5B959730D2B3689FC925D417D41794E9C82BD303060C788FF69CF219A922BD6FD871279B5008311FF58C8F70EF9BBA42E6FB829D5A88F3078FAF5A668AB4B46B929393F7ECD8B183921421A4A6A6CEB4BDEE4B32323206911B407D01D41740F9A47C5666912EBF73CDB896EFDA1A139A00724BE0FBD12634A35BD6762D6AD0D6BD9723FFE985387FF0F8BA55E9013AFFFCF357DA87A7FB8A152BB653B023A3402F5BB6AC4D5454D48DF6DE2C274780FA02A82F80F249F98C148AEB4C25712F5FAEFD26F7E1AA9AEED5FF4E133B34F1A3B0F150C38FAF52CC9E3D5B6E406F1D73CC31E9471D75D461F8B4953BC91A12538F5B05BA5BB76EB3C892C293989838DCBE0CB369445252D2707284FA82FA82F24CF9A47C523E4B9F98621E97E904F4C13CBE3F18F6DD5E774C613998CFB92B3D13274E5CDDA74F9F19DBB76F6FF7F3CF3FD74F4B4B5B151D1D1D15171757B73214F0D5AB579B175E78C11C76D861E688232A876792E2A6DA42FCE59A356B16FEF0C30F87EFDDBB3756F180CF3BEFBCB9D47145A375EBD65D4D68619ECF6CE538871CA1BEA86A54C1FA4241223228CF94CF201B376E5427C3346CD8D0D4AB578FF2198150C357301F7DF4517B5B90AF7495642793335E7244F2F6DB6F2B0EA9177EEAAAABAEAA2C59ADB90E8A9BAA46E82D267D159F6258DE64699AEDDE3776F722959CAC1EF54525A5B2D51712E10D4D28B6F806B74DD77F924D5D6C52B48B6B4BA93C4315299F8B162D32DF7EFBADE9D0A183E9D8B123E533420B365420B6E7B7D854A2A0FBFDFAF58B4F4B4BD3C888D9BE7DBB99346952ADF1E3C7A7712721C065267BB9F0782700F48C6F36D9F34C10E9D5A0BE80F2E937DB74820985416EE5DA75BDA698D0FC2EA557C926CA675E1D342BD447DC7DF7DD74D010E950D9B102FDCCE0E77DFBF6C962F0013903813AE53E13B2EAF96808F221135ACCA4B1DB26C12E6BC8EB6419408998E7CAD26D36FDE0CA9B823BAC246B0010E950BDE89BCB67443AF8482C5C6E42963D9F64131A72D7307C9AAB773684097900283A5AC55B16F30526347A35CD953D2DA0F526D903804887EAC525C10F1919191774EDDA3576CE9C39E9640D3836986CBF581F59F7B44CF88F26E4AF39876C022831B2965F6F422B7A8FB069A64DE35D190BEF3C0300221DAA2ABD7BF7EE9299997978705B545454C3264D9AA841984D0E8163A4C9766BC9ADCE9160E86C72AEAF000045678E4B72437CCE95AF962664490F8E7ACE24AB201CDB9E3750041A9B98238448872A50A07BE5B6DD16F05E887408F0AEC9B694FB6E2EC961EF6F209B004A8D5B9D1057E7F87927DAE5AB1E9CC40D10DE7637746D3B223D4289260BA00822FDDC3C0AFAC58AFA420E412E6CCEE33DC3EF00254731705B98507845F9A23737D9E1185527D735798F6A41F580B619910E559DC4C4C4AE568CB7CAE3EB84F0A82F008EB43CDE0340C99105546E2E5A8BE0659B7EB2E91E27CC3472A549FDD7904D5512CDF1B9D3A67EEE1EAB739668727A48A893F610595579C1DD050A45666666F702564F93CBCB1C720A9C40F07DCF65E993756FBB09F9C9CA1526D9A653DD7E087780E233DBA58B5D3ADEA6214EA83775DFC9B8226BFA66B2AB4AA1FA55EE838AEED3DED5B95AB4EA6C9B9698D0046285C3FD9AAC42A443D5A74701DF5FD6B56BD7DB89F2029604138A2E218130CB6D4B73DB7F749FFF8D4007283554CE4E32D9AE0DCFB8F226A6D0D65749547F2E77C937787C68B227122FB3E90943284E443A546DAEBEFAEAF6191919CDF3D925530D8245BDF905E458B5272920C0830BAA2407DE135B1FA0745919286FBB021DE239644D95C59FF0E987BCD5BC84C6EEFEB731A11195BAEE335442F04987023978F060DF0276F1FD60AE27B7C009F4C60143806F0C90DF2C9398004A97F6EEB5AE4BB97DDF9E6CAA725C60D3389B5EB5E96EB72DD9842CE7BE657D94AB77A19282251D0AC38585DCAF1B0B1B8113040A0977A34D2F99D070BB2CE79AB7D0DA35221BC8268012D3D095ABC5263469B04FA06DD7FC8FC703FB41D562A5AB5725CCFB05EADE6038E45D26E7082620D2A12AD1AB57AF33F389EA12CE090909098A2830879CABD648306C76F5CB5B4E2048402C34A118CE036D3AC6A6674DF6903C00141DB93BFCE0DEAB2CFDC1BDEF1AA887179B43572085AAD141D3E8F55A139A1C2CA1DED4BD6A02A9465536986C971840A4435563CA94295A1023475897C4C4C4E1F665984D2392929286934B900B2F98D0E4A5B926147542D69DC74C68CEC258F7DD9988748012C3A854F5D56F134C28CACBEC40474DDB93DDE7BA4ECC2F26BB10E900003E6A24E4DA926AB2C384CD74C25CD69F5B4C684544002819B817564FE4773ECED5AF726BD9EE5EC3436DA6E47582A8A8A816999999262323838E1E221D002A1BBD7AF5BAC756E48FE5F1F5B0C4C4C461C10D4949491A75F14330CA8AD3CF7DA5570DC16A42E923E42C40A9A03236C0A6BE4EB4F575A2EC04F7DE6FE7BF34B82156355E77A9B17B061423FF09931DC9C55F6D36CF4E9C15E89E068C8E8EA6A387480780CA86ADBC17CBD25244B480C65B81CF9AA720B7172D5F3EDA7D2F0BFB2B0677178092204176B909CDF3901B594B73E844C158DAFA2A8D2CE70F3841AE482E330C6B50549D36982C0080BC983C79B2A2076C2BE4EE1B02A2604E20C5060485F6196142CB970F2087014A442727CCD5E94D7042AD45D83EE988B66A23D693B8D7550B7AD700902F9999996F454545DD5088FDFC058A36857DD5C009090DC75F65429398B44ADE33E42E408950C8C5864EA09FEDB6B53739270ACAED61854DC3C9AE2A85EA54C54A7FDED5AB9B73D947827D8161DE02221D00AAAC489F528048CFB029DAEE332997EF241064359F6342934635143BD2A62D061F59809232C8BDCACDC18FF091E844D99B81EF88935EF5F0C3DC4AA09F6442A394BF33A1F907EAB0F9A119D5417B98EC42A4034015A476EDDA73F7EDDBF78B15EB4DF2D8456E739B535252E6BACF879B908FACBF4CB93F8154317C65E1BB975C05285582CBBEAB237C67E0B32CA9C4CAAE7AC8E831CB84DC9BA4E592DCF6F181D7449373712340A403405562FCF8F169898989EF99EC482D876005FC8CC04AB35AA428D964FB460E271701CA9460385395BBA0E514815EF5D0C84817974C2EF73A35D061C347BD12C3C45100280C13F210E75EE897E8E8E860349795340C0000658644F870D73953E8C5C5798874EAE14A0E9674002810B9B2346DDA747B54545483E076FB5971D1376CDCB89121550080F2436E2E8AEEA37527E4D6D2DD6DD3DA159AA49FE244FA8726DB050610E90050D5902B4B6262E26BF6ED6DE1DF29AA4BC0D5050000CA1E4D14D57C03B9BEC848A2114C4D2095157DB913EC05AD24EA85EB3C78F0202B8E4628B8BB0040A1B062FCC3B0CFFE2A47FF26770000CA15C5C497BB8BACE6755D5AE0B60B85674C28E01C9EA136262606234B8482251D000AC5A64D9B3E484848F8D9BE6DA6CFCED565734646C62C720700A05C79D584ACE70AB928CBB9463A939D48EFEB44BBE2E85F68F04D47A40340D5C6B9BC7C64724679F960DAB469BBC81D008072E51213726F913FFAF936F530213FF460CC7C693CACE49518DC5D00A028E488F2121515F5165902005021C8923EDC8416B5EA6A42D6F3A07F39021D910E00D585F8F8F8603C6613171737875C0100A850E4CEA2C58C7639E10E887400A86E686123BF11888A8A5A6D3FB3500A00004019804F3A400591999919BF66CD9ADB76EDDA75CD9E3D7B5AEDDEBD3B3E232323E2AF7BD3A64D66E1C285E6B4D34E3BAE7FFFFE999521AF6D8722332E2E6E4BCD9A35BF3970E0C0A82E5DBA7CCA13080000887400C88115E77F59B060C1E8B4B4B4DA09090946A95EBD7A5AB9B3525C7F8F1E3D2A557EDBCE4F94ED0C35DEB163C745292929DD3EFFFCF3EFF7EEDD7BCDF9E79FBF9CA71100002211DC5D00CA9975EBD6CD58BB76ED73871F7E78EDD34F3FDD1C7DF4D1A64183069546A057CA8ACEE66DFDFAF54D8B162D4CA74E9D6A1E75D451ED6455FFE4934FBA933B00504DF1E2A8C7C7C7A7901588740004BA15E836753FF5D4534DF3E6CD4D28D4389437CD9A3533EDDAB5AB65C5FB6BB367CFBE981C01806A881642F2E71A01221DA0FA221797D5AB57776FD5AA9567D50D67DFAE4D66C3E2D7CCAA4FFF6E7EF864B859B7E85593B6E32732AE8CA853A78E69DBB66D3DDB517AEDC30F3F6C4D8E000000221DA09AA149A29B376F1E2DD796BC04FAFA45FF34BB36FF60320EEE379919E966CFD6FF99750B5F41A897B1506FD9B265464C4CCCD3E406000020D201AA198AE2A249A272B3C88DAD6BBF30E9FB771FB25D827DF39A39646019D2A2458BC3626363FFEFE38F3F3E93DC000000443A403542611615C1252F1FF4BDF958CB656587B2A54993269A387525390100008874806A84E2A02B824B5E641E3C90F7C19919646019D3B871E3E626B4AC3600004044409C748072400B15290E3A4426F6DE1C695F8E202700002052C0920E500E682551E2A047704518BA37182D00A05AD0A3478F04F79618E9887400C88F1AB51AE5F95D6C1C16780000283D626262E2DD5B62A423D201203F0E3BFAB726B6669D432BD21AB5CC61C774218300000010E90050DED43DE26453A771AB5CB7D76B722A19040000804807808AE0E081BD876C4BDFB7938C01000040A4034079B37FF7AFDECAA2BB7EFDFE90EF766FF9AF59B7E0256F1F00000040A4034039B0FDE74556A0BF6CF66C5B93E73E7B52D79AE46F9E33DBD6FDC76412331D0000A05A40C831800A4096F14DABDEF32CE58521E3E07E6FFF9DBF7E6F9A9C789189F7C27A0300004055054B3A400520CB7861057A1059DCD7CE7F810C04008062939999499C74443A00E4862CE3C5AE5C33D2C94000002836515151C449AF04E0EE0250019CD4ED613201000000F2044B3A004009E8D9B367B7C4C4C4FBC909000040A4034081ECDFBFDFFCEF7FFFF3DE67646478299C1D3B761CB2EDE5975F363FFFFC73D6E751A346995F7EF9A5C0DF9B376F9E993163469EDFA7A4A4985DBB761DB2FDEEBBEFAE54F9DAB56BD75827CCC7D9F46B7474F4C776F3433C710000509AE0EE025045A959B3A627B8AFBCF24AD3BE7D7B6305A5B9E1861BCC7BEFBD673A77EE6C0E3FFC703366CC18F3E1871F7AFB7FFEF9E7A665CB96E6EBAFBF36679F7DB69930618239F3CC33CD8A152B4CEDDAB53D813D73E64CD3A74F9F5C7F2F3535D51C387020CFEB69DCB8B1B9F0C20BCDC71F7F6CE6CE9D9B25D8172E5C683EF8E003939E9E6EBEFCF24BF3D8638F45A4303FF2C823CFCCCCCCBCDE7EEC66530B9E30000040A40340B118306080F9F5D75F4D6C6CAC69DEBCB9B9E0820BCC3BEFBCE3BD4647479B162DB2B566D3A64DCDD2A54BBDFD7FF8E1074F44CB1A9F909060162F5E6C1E7AE821F3C0030F982D5BB678025FF4EDDBD7F4EEDDDB7BBF60C102B377EF5E53AF5E3DEFB33A00AFBDF69A69D2A449A8B2B1D7D0AB572FEF7DA74E9D4C7C7C68DED2A44993BCEB9170D76F4412F67FBB202323E37CFBB69F15E80D79A2000000910E002566FBF6EDA64D9B36599FE58EF2D34F3F79D6F2638F3D36C7BE6BD6ACF184F431C71C63CE3BEF3CF3DC73CF9955AB567956F533CE38C313F45DBA74C9718C5C6824B07D76EEDC99F559E2DB17E83EB2E6FBBCF5D65BA64E9D3A66E3C68D9E255D6CDEBCD9EB145414FDFAF58B4F4B4B3B53FD0F9BBA5961DE222A2A8A0709000010E9005072E4432E1FF171E3C699575F7DD513D8B290CB7A2E0BB62CE4BE30F6917BCC9E3D7BCC9C3973BCD4AC593373EEB9E77AC748B4FFE31FFFC8F577FCF3845BD2E583EE23DF7859E7870D1BE659F2E5F272C4114778DFB56BD72E6BBF279E78C2DC7FFFFD5996FAF2429D11751AAC40DF5BDC73D80EC8709E3CA8840C230BAA1F8A932E03844DC44947A4034079220BF6A5975EEAF990FB2E2D12C5F231D77609F6CB2EBBCC5C7FFDF559C79C73CE39E6E1871F36279F7CB227CCE58BDEA3470FF3E28B2F7A227DFCF8F1E6DE7BEFCD611DD7FBFC2CE93EC71F7FBC97264F9EEC59CAAFBDF65AF3FCF3CF7B3EF0EA0808B9DA3CF8E083A651A346E59E5FD3A74FF77CEA113B00501DF0E3A45BB14E9C74443A005478618F8DF57CCA2FBFFC72F3CC33CF7816761F59C4172D5A64EEB8E30EF3FAEBAF6BA2A467719795FCEAABAFF6F6519497FBEEBBCFF31B2F0D9714B9DCF4EFDF3FEBF39429532A44A00B7546C68E1DEBB9078591A9F6AC90A719C153069598F1640100221D00CA19B9A274ECD8D19B9C294BB72CECBEBB89F02DE21F7DF49139EEB8E3BC482FDF7CF38DDC3F3C371871D65967793EE9FE6711F4270F7777C92B6CA3FCD8972D5BE659DDF51B3EDBB66DABB0FCD1FF7CD55557C9FA5FCBFE0FDDA2A2A23459F43293338A4BBE823D292969384F1A000020D201A040248865FD96406FDDBAB527D2D7AD5B97E7FE726B514498471E79C4F35BFFE28B2FBC574577E9DEBD7B0E812E264E9CE8F9AEFB04DD5D74AE7076EFDE6D1E7DF45173CF3DF77821178371D3F5B9A2193F7EBC867E672975EDDA75504242C265999999E75BD17E41986057D079D699000000443A00141DC526BFE5965BCC1B6FBCE1C54B9760978FFAB3CF3E9BE73112CE75EBD6F5DE2BBEBA44B72FBC651D0FFAA407057A38F26B0F479347E55622D71B4D0E0DFAB34F9B362DA2F26ECE9C39EA35BCE992268676B52F57DAA48B3E81A70B000010E900502C468E1CE98556FCD39FFEE47DF62791CAFF5C915F24C27DB4C89184B54230CA8545AE2C5A9CC87767D164D3952B577A56F6DCC86B55D320F3E7CFF716460A22E1AFC8313A7F249394943447DA5DEF7BF5EAA5308DD7E7626107000040A40340C184C743175A4C482B8A06B9E8A28BBCD7A075BB2874EBD6ED107798708202FD85175EF05E6599CF4BF8472A53A64C99675FE6F17401004059814F2500940A0509F4432C04B1D80800000010E900000000E02D66A457163342A40300000040841058CC681FB98148070000000000443A0000000000221D000000000010E900000000008874000000000040A4030000000020D2010000000000910E000000000088740000000000443A40352E68D1D19919191964448462EFCD5AFB924E4E004035A1A97B4D212B10E900D59AF8F8F85F76EEDC49464428DBB66D5B6E5F16931300505D9A25F79A465620D201AA35356AD498BB7DFB76322242494949D9615FE690130000804807A846A4A5A53DB971E3C6039999996446E491BC75EBD676F6F52DB202000010E900D588B3CE3AEB1B2BD097FEFCF3CF644684B17CF9F28FEDBDF9F9DC73CF9D476E000000221DA09A919696764D7272F29E1D3B76901911426A6AEACCAD5BB75E9291913188DC000000443A4035E4FCF3CF5F69C560F7152B566C47A84786405FB66C599BA8A8A81BEDBD594E8E000000221DA09AD2AD5BB7D9E9E9E9572D59B264C7BA75EBB6E2A35E21242F5FBEFCA5A54B9776B6EF07D87B328B2C010000443A00427DF6C183073B2727272FF8EAABAF7EFDEF7FFFFBEDB66DDB522A4B1CF5CD9B379BE9D3A77BAF9505C541DFB265CBBB2B56AC98FCC5175FECD9BA75EBB176DBB908740000885462C90280F247AE2F7AF9E8A38FDA6FDCB8F14A9BBADACF0D4D76ECDA8865D1A245E6DB6FBF356BD7AE351D3B76AC2C59DEDCA65F6DFADEA6A799240A0000887400C893F3CE3B4F0BE854AA457412131387DB976156A88FB8FBEEBB87731701002A17515151F172B7B489C58C2218DC5D00000000AA11569C2738B19E426E20D2010000000000910E000000008048070000000000443A0000000000221D000000000010E900000000008874000000000040A4030000000000221D0000000000910E0000000011002B8E22D20100000020C288D79FCCCCCC34B202910E000000000088740000000000443A000000000020D2010000000010E900000000008048070000000040A4030000000000221D000000000010E90000000000887400000000880012F4273E3E3E85AC40A403000000406410AF3FE3C78F4F232B10E900000000008048070000000040A4030000000000221D0000000000910E000000000088740000000000443A000000000020D2010000000000910E00000050CDE8D7AF5FBC7BCB42468874000000008804D2D2D212DCDB147203910E000000000088740000000000443A000000000020D2010000000010E9000000000080480700000000A87EC49205009017BD7AF5BA272A2AEAB13CBE1E969898382CB8212929298A5C030000283958D20120EF0A223A7A31B9000000804807800862F2E4C91FD8976D85DC7D0339060010F13476AF9BC90A443A005462323333DF2A60970CB7DF07E4160040C453D7BDEE222B10E90050B945FA94027649D79FA8A8A849E416000000221D00CA81DAB56BCFB52FBFE6B34B4D9B36A7A4A4CC25B700000010E900500E8C1F3F3ECDBEBC9BDF3E99999933E6CC99934E6E010000940E84600480C230C1A67EB988F3F4A8A8A8D8E8E8E8B7C8220080C8A28030BA5D13131333831B08A31B596049078002912B8B15E43BC3B74BA0DB970D1B376E9C4D2E01004498C8238C2E221D00AA367265B1827C426EDF29AA0BAE2E000091870BA35BD8508B84D145A4034065C48AF10FC3361D74AFFF2677000022B6EE9E51C8FD08A38B480780CAC8A64D9B3EB095784A60538C4D9B33323266913B0000112BD2A714663FC2E822D201A092E25C5EC22D2D1F4C9B368D053100002214174637A580DD08A38B4807804A4E0EBF742BDA89EA020010C1B830BAF9BAB2104617910E00959CF8F8F879C1CF71717173C81500808827AF89FF5E0846C2E822D201A092E32C322BF53E2A2A6AB5FD9C4AAE000044362E8CEE21F5B5ADC715179D30BA8874804A4F3C59604CE3C68DDFD06B93264D92AAF8BD63B13700A812B83945AFE7F61D617411E900954D8CB7B4E94C9B126DBAC7A671364DB6A96E2EFBB7B0E92FB9883BBD5E6653A77C7E6BA44DEDF3F9BE5B2E0253FB3F541119F3E0830FF6DEBD7BF7F00B2FBCD0ECD8B1E39EA14387F62BC79FEFE652903B0BC83F1FDDBFAEF97C7F82BB8F4112C37EAF6ED83372B13BEF3DEEFDC5EE37BABA63FF4251028048213C8CAEEFEA6208A31BB16029023854A04BF4A5B834D8A61E61622ED9A67427DABAD8241790CE6EFFD636CD75025FFBA59A9CB3EAEBBAFD7DAB4563B74FF0FC3F063EA738213FC4893F1D9BE07EA79FEB4C68A18A67CA3A63860C1972E5BA75EB5EBBFDF6DBA33B76EC68DAB56B173D6EDCB897070D1AB47FCC98316F94C3BD39DBA6D161DBEA86E59FDF690A8AEBCD2ECF120242BDA14D7F74F99AE6F2FC1D9B6E7779ABFB73AA4DEDDCF912DCEF3CEF8EEDE4EEB9FC38E7B87B91ECDE1BF73B75294E001029288C6ED3A64D7F8A8A8A6AAECFCED58530BA114C0C590045A575EBD65D9D08F96CF9F2E573AA9840EFE7C455B41363E7D8F49313C32DDDE75D4E3CEF77624EA27E844DF7D9F4804DCD5C07F87527FE76047EE3B736DD68533D27E4BBB97278A23BCF232634C127C3EDBFC7EDBBC889CD34B75DBF31C55DE38B659D31B2A0A7A4A44CB6023D46025D24242498638F3D36FAD34F3FBDEC0F7FF8C38FF3E6CD5B568697A0CE4C079B3EB2E9249777A7D874BECB1FBDBFD4759024A6E537BFC0262D89BDCAA65636CD729F93DD7D7937D059123B5DBEEBB89F4DC81AFE843BD7076EBB71F760B54DC7B8DFD22A7D6DDDFB64B78F9E95FAEEF700002A9CE4E4E48C36169373F4F1EDA953A74E21772213DC5D00B291F87ADE09C296E6D091A6EE36BD1C26BC24CAAE74C271A609595CC33921ECF30F366905B8F14E2CBEEEDE8F7782303DEC9AFCD8B575DDEFB470E2BCA5FBFD1665992923468CE8BB7EFDFAD76FBBEDB6685FA0FBA8BE1F387060CCB66DDB26DE7AEBAD9797E165C86DE819D7A9B9CF096EE5E1129BDE74F7657820EF946FCFB9CEA4DC506411BFCAA66B6C1A6842A3133E5DDDF967B93CD53986D9342890BFC1FDBBB8EBE8EC1ABBFB4DF6088CDF816D1F761F01002201C2E85622707701381409BA3FBBF7BD4CB60B435F93D3B5A29313F4AAE4C6989065FB2AB7CF314EF8C94563AD1398BE686B65B2DD2E129CF03E2997EBE8EABEFF930959D85B38F199E6CED9D209775DD78D65210A25D0939393FF3960C080E876EDDAE59E5976FB1D77DC11337AF4E829D75D775D8F891327CE2CE5CB38C1FD8FB12E3FFF9CCB3E17B80E4E7260DB49817BD7C989F96497AF0D03FB699F2F6C9AE7EEE7C526DBE75CA317296E7FE5FF8640A7E9669BFEE73A0727B9FDFCE743E73A93A2040091445C5CDCFA7DFBF60537BD9E989858C7B52B299999998BAD709E9C763A0000169149444154FF3226262669D2A4491BC8B18A057717283255D8DDC547E2BA91136C1277DB9C20EEEA84B88F5C22640997655D96D5114E284BA81D7442ED649B1E37D9EE2B2DDD77339C60D471FF70EF93DD6FFB22579F7739C12F8159D309D6CD26DBDF5D6E2FF706CE5F9A02BD8F15E8E3F313E83E4D9B3635C71F7F7CCC7FFEF39F2BDAB76FFFED92254BFE5B8A97B2D5A6E926E42BFE8A4DBF9890A55A9F573B019DEE1A99CD81E3FAE91975DF4BDCCB6D29DA09EAC601012FDE77A25AF7F33013B2D0AB03B4D4A6F34CC835667960FFC64E9CEB3859F6E52A23979B5B6D3A3E6000D95016F70600A028F4EEDDFBB2366DDA8C4B4F4F7FDCE434D0D674AFDAD6D00A74D58FE759B17E87DA7A7BCC41DBCE2F25072B06DC5D000EA5AEC99E1C9A9F755AE22FD1645BBCBB9A6C7794BC8E8B35D9EE342DDD6FB50CA4D85CF60FD22E20FE92039F4B958103075EB666CD9A0972712948A0FBC8F5E5CE3BEFAC99919131DD3608179476DFD0FDCF2D5CC749F9161F10CC5DDC6B905D2E4F25D6AF31D9917252CDA1BEE2B282FFD175ACE29DE06FE95EEBBADF0EEFC8BDE2EE815E7D97A52FDDB9D5015860707901800A243131B1A54DEF5BD13DDDA6DCA285E547577BCC6BF6F82F7AF4E87102B959FEE0EE0270288F0444DC1F4DB6C5D517D8BEB536D589463F124C43B7AF5C5EF25A8239C189C720F126DB973D2D97FD8DC97689D96272BA74943AB2A04BA0072789161609F5214386D4183972E4F45EBD7AF59832654A69450D90B55AD6EC375D5EF73339A3A9F433874679B9D6DD13456979D91DDBC7648F78F8A8F11910D826713EDB1C1AB2B1A1FB8DF830E1AE7BDDDE3D1BADDC7E8DDDEBCB142700A8086C1D2C23D2B8A00123262646A3E1A673E7CEE684134E300D1B3634F5EAD5337BF6EC31A9A9A99A5C6ABEF9E61BB368D12273E0C001FFB02EF6B86F7BF7EE7DCBE4C9935F276711E9001585EF0AD1CD09F02E4E001A27CC946604CA4F532714E5332D41FAAA137B634DEE133A93C204A204FB4A978CC9E982E1FF4667D769483539FDD94B9D071E78E01A5B494FF0C32C160709F5C18307C78F1E3D7A5A290AF50B0382FA2A93BB35A8712EDB34574061156F30D9F3079E7342DD17D972715918A80F0F37875ACEC5994E90CB923FDE84ACE93E7EA7AE4558E70100A02204FAC5515151AFF9F59AC4B9D6B738EFBCF3CC11471C71C8FEB56BD7F652B366CDCC6F7FFB5B4FB0BFFBEEBBE6FDF7DF37070F1EF4DA3F59D5AD508FB7421DE34339814F3A14992AEC93EE5B43E5F39CE2C49644FA4BEEBD42F9253891F8B90985FCFBCA847C96E58E217FF50626E453FEB31394278609B670FFE4A00F7A6EF831B9150AF06813F27D1EEF44E1E2421C5F2481BE61C38609F241EFD0A14389CEA5F08C279C7042ECD75F7F7DC5C9279FBC64C58A15AB4A703A095FF9EDEBA2F63BA1ACCE544B93BDF0943A32FF333943204A980F73F7B2ABFB4EEE2CEB4DC8575DFBCC37A130979A04FABD09F9F8AF30D9134C179BEC70651A55D964D3372634E2D1DEBDC6BAFBEF5F473D775D83DD3953A93500A01C057AA215E8537C812EE17DFFFDF79B2E5DBA983A75EA14EA1CF1F1F1A66DDBB6E6F4D34F372B57AED4E275FE5797B669D3E67FF8A923D201915EDEC43AC1167439F9386C1F093E554EBB9C68DFE08EDBEEB6FDE2BE374E54C79AFC63652B82C83BF97C9FE24478BAC9F659FFCE89425985A7057EAFD8C8C565DDBA75130B3349B4B06832A984FABC79F32E3FF5D45317DA67E5C7629E6A8713E0535D9EA73B91BEC0896E09EA5A36AD3321572475B434F9F34D773FFD0ED8F24007EC15D7C1FAC57DBFDBFD8EEEE7A2C06FFFE87E53A2FB07778EFDEEBBC6EE9814F7CC6882AB2CF2FEC8C83B087400280A898989F75B117C58E3C68D7F545CF3621CDFD20A744DB4F716536BD5AA95193A7468AED6F3C2D0A04103F3BBDFFDCEAC59B3C6FCF28B5F5D9AF3EC354EB775FA66EE58D912451640312A81E12664A11C919494349C1CA9DC6892686A6AEA9B411F740D75DE72CB2D87ECFBF4D34FE7A8ECE5C778FDF5D71FB2DFB3CF3E6B0E3BEC30EFFDB265CBCC934F3EB9E7E0C183574E9E3CF903721C0020CFF63533609CF89715DC93D2D3D3E74E9B366D57618EEFDDBBF7C76E82A867411F3E7CB8E7735E5254D7EB5CEBD7AFF737CDB5EDFFEFB963650B96742832D5200463B54116F4F0954485863A9B346962BEFBEEBBACC943D1D1D1DEA4A2B3CF3E3B8718977525232364F069D4A891B9EAAAAB4CD01AEFC233D6F8EAABAF2E3FE594539696D0F50500A02AB7AFC3DDDB38135AC9F81A2BD4FFDAA64D9B936CDAD7A953A70D8B172F4ECF43A05F6605FA504FDCC5C4782E2EC5B5A08753A3460D73D24927994F3EF9C4D8DFD0A6A3717B297B08C108507D05BA162A9A98571497B3CE3ACB1C79E491599F25C435E4B960C102EFF30F3FFCE059C97D111F1B1B6BEAD7AF6F2EB8E0D0E88B12ED77DD75570DBB4F92263491FB000085C38A74CD4DEA67C5F1FB6969695BAC189F2041DEB56BD7F0E01FB7FA6F3449F4A8A38E2AD5EBD0F92EBE38BBFAB6D773337707910E006523D0BD9544F38BE272DB6DB77933FE7DF6EEDD6B5E7EF965B373E74E336EDC386F08D447FBDD74D34D9E052737DAB66D5BD317EA6510471D00A03A50DB8AE3EB14F73C212161B3AD4BA7AA3EEDDBB7EFF1765B57EDE04772290B64849155DDD1453EF0DC92B283108C00D58C071F7CB0B72FD00B9A24AA282DAA9415864B025D48983FF2C823C1D9FE9ECFE36F7EF31B73DC71C7E57B3E09F52143861C1C3972E4E45EBD7A5D5B8A71D401A08AD1A3478F042B38E38B7BBC15AD09515151F165757D657DFE42D0C05E430F65D5BE7DFBB236AA5EF7E70495368AAB2EC3CED75F7FED6F52B4B3513CAD887400282156205FB96EDDBAD71407BDB0515CAEB8E20AF3D9679F658974B9B7D873F87E89A18A2436D6F4ECD9B350E7B3BF5B6BF0E0C119A3468D7AC30AF5AB11EA88A42A7C7EADA35092E3132AF8F88A3E7F89B0F7AE529FBFB89C71C619657EFE80483F1B918E4887C86458626222B9504968D1A2C5D65F7FFDF5A9A2AE24AAA1537B8C193972A4D9BD7BB72F5EB2BE9765A57FFFFE39DC620AA243870E75EEBAEBAE5D4F3EF964927D86FE6542610E8B2BA49ADBC6B2ACEA324452351649912AC2AA117E78D38A3ABEA0E723C5D63F6571FE7E85D847B3F57375592E6844B3A4B46CD932F8B13D8F29221D2258A8930595A4B54B49C91C3468505471561255AC5DAD24AAE5A2FD482E42115FACF8379D3A752AF239DBB56B57B773E7CE7BBFFAEAABDE082944528489A4E0F9F755D4FF5FD2FFAFACF3273E3E3E65FCF8F1691493D2253131B15F1E0689CCA8EC0A2FDA7E4CB51F672B4CA35603352E36BA0C276549D8F91B73C710E910598C270B2A15B2B4DEDDA54B976209749F6BAEB92638C4E9371AE6F2CB2F2FF6397BF7EE5D6BFDFAF53B366CD850DF8456552D72836F1BA80DF63AD2235104229200A0841C342E5CB613E88A97AEF526A6D4AA556BB62DFFA94ED8D7F50F288DB8E8F911366A1ACF2D42A44304919494946C5F86931395871123467C6F05F63FCF3CF3CC62AF28FAC61B6F7856EBA0AB8B2CE93367CE34A79C724AB1CE69C5F9A69F7EFAA9963DEF852C7404007008314E986B05E5776DC77C561E1D73EDE3097545DF2A4BA11E8CEA65CA70A40C10E900D58261C3864D183A74E8DE3163C64CFEDBDFFE165D548BBA62A22F5DBA3487AB8B3878F0A059BB76AD173BBDA82E2FDF7EFBEDA6912347D6B2E7EC3365CA14043A008043AE2CF6654E7474F484B8B8B839BEC53C1FE45A7582DE68C5E8B214E93A7F80CDDC2D443A009490471F7D74EAC08103F78F1B37EE4DFB1A53588BBA84F833CF3C6376EDCA5E953A6851DFBE7DBB79F5D5573D6B7A61278F5A51BFE9A9A79EF2053AD15D0000B2EBD76BE3E3E3DF2CA22BDB625FA4AF5EBDBAD417320AA295A7C37E17CA08163302A8468C1D3B7646C3860DAFB2AF07172D5A54A863DE7EFBED1CC39B5AC8E2E8A38F0E2E68E185659C3A756AA1CEB76AD5AA8D63C68CA9894007003894C99327BF5ED4B9269999999FF9EF35C1BF2C093BFF67DC31443A0094A250AF53A74E8FA79F7EFA4041423D2525C57CF0C10739447AAD5AB5CC7DF7DD976338553E90F3E6CDF32C38F921179711234668018EFE08740080D221363676867DF126D02F59B2C46CDDBAB54C7E47AE2E61EDC69BE47ED911431600543FE6CF9FBFB255AB565F2D5CB830F198638E8939F2C82373DD6FD4A85166F3E6CD59BEE87267B9E1861BBC38BC4A8AF6929E1E0AAC22F797952B579A73CE39C79B509A9B40970FBA7D7BEDE4C99367701700004A8765CB96ED68D3A6CD59F6ED71AA8B5507B76DDBB6D47F67C68C19E6BBEFBEF33FCE4D4A4A1A43EE971D58D201AA2953A74E9D7DE0C081EEE3C68D4BCBCDA23E77EE5C455FC912E1C20A7AD3B97367EFFDC9279FEC3502BE20DFBF7FBFB7D8D1471F7D74C8B9E483EE4F1245A003009409CFFA6FDE7FFF7DB37EFDFA523DB9CE376B56F600685454D40B6439221D00CA08853DDCB76FDFE563C78E4DD310A98F86349F7DF6D9AC15467D6EBAE9A61C9F6FBEF9E61C115F34C43A71E2C41C43ADB2A06B92A87DDB0B1717008032ABCF650099A3F79AF06FEB75CF15B13490CBE3B871E3BCF33AE66EDCB831895C2F5B58AA0F004CCF9E3DBBC5C5C5BD3370E0C0F8922C78148E1FC545029D38E80000654B6262624BFB32DFB89540B55AF4E0C1834B149251025D827FD9B265FEA65D515151A7DB3A7D25395EB6E0930E0066C58A15AB4F3AE9A4AFADA8EE79F4D14747356BD6ACC4A36C12E82E8ACBB5494949EF91CB000065CBF2E5CB534F3DF5D4F556445F663F466FD9B2C52C5CB8D00B91DBA04183229F4F2E2E4F3EF9A4F9EF7FFF9BB5CD9EFB7A2BD03F21B711E90050CE427DFEFCF93D8E39E698E8920875B9B88C1E3D5A3EE8D7E2E2020050AE75F9F2D6AD5BCB21FD620975B9BC7CF2C92766EFDEBD5EF8DCF8F8F802CF2197474D127DEEB9E7722C5E949999796F5252D2FF2397CB07DC5D002007BD7BF7BE202626E6ADC18307C7B56FDFBEC81DF9727271D1F2D78A239CCE1D030038945EBD7A25DA97E7A2A2A21AFADB6CDD6EB490DD19679CE145E86AD8B0A1E70A23971689712D5424CBBB8209A4A5E508D5AED5EC6EB7027D3C398B4807800A16EAD1D1D16F0E1A34A8C669A79D56B3B0C705C22C0605FA309BC29737DD6B539F125CE20E9BAEB0697609CEA149568F9890FF666973924D836DFA8D4D4DDD6F7C65932C505B0A6A5B6DFADCA68D3C89005012E4A36E45FA4B999999DD4A709AB9F61C37E2835EFEE0EE020087B07CF9F21F4F3EF9E46F2C3D1576B159B36605D615BE405798C5301FF4FB754A9BDEB569894B4B6D5A55824BBCD7A62936AD2EC1390EBAEBDA55CAD977B64D9FDA34D3A6A1363D65D3669BE423BACFFDEFF931C789F4D53C890050C2BA3CD5A6D75AB76EBDC20AEDC3ECA6A34DE123FBCDB569584A4ACAE059B366FD426E22D2012042908FBA84FAD75F7F2D1FF50356A8E769515FB56AD5C6C71E7BACBE7DAB49A2FF0AFBFA3A9BA69B90E57AA54BAB0282F61693D322FE179B5AB8FD626DFA9B4DB7DBD4DD26C57BFC214CA48F75C2D6777DE96DD3C936F92B6E68458F876DBADAA6DFD9F4934D6A70FA3B91AE6BE814269E2F70FB2E71D770B74D03DD35C8C2BD219FAC93C07EC0A6A76DDA6E42A306FA5F26D9243F518D216B14E12E77ADB2B6FFCF26C5ADBCD6A6AB4C2832C3EFDCF1EBF3B9061D7B914D0B03FF7B4240E06B146393EB24E4F59B97DA74A6FB5F73FBFF01A0F28BF5EF24D6DBB56BF7AAAB53649CA86D53BCAB5F542FA5B8FAEBA55DBB76DDF6F6DB6FFF688F494A4E4ECE20072B8658B20000F2420B1EF5EEDDBBC7983163E4A3BEA363C78EF5C3F771515CE2333333F35BA8E8349BF6073E4B506BD5A32F6C7ADC84DC4EEE33A1894E039D68364ED8AB8178D1A63A26E44212DE0990A8BF3FF0F91C13B2584FB3E9189BFEEDCEB9CDA636365DEEC4B982BECB2567AD7B9DE47ECB3851FF773F1B5CE3A56B68E0AEE96C27BCC3F1DD5B5ECE231FB6B9D7C3DDFFB1DBE58DF2A1B9EBBCEC77E278B9C97679C9EB1A74BD23DC76E33A07C9AED313EBF2F491027E53FBBFE2FE7FBFA3F3A44D775202002A2572070C37AAF454F99F3469D20667D8185BC039545FBCE4EA1A40A403402422DFF29E3D7B761F3D7AF4DB03070EDC71FAE9A76709757FA122B9B81410C545FE90A7063EEF75225D2253BEE58B6DFAD1A6076D3AD784AC3CA73BC1AD215A7F06D3B4225E7E3BD760CD74E7CC2D14A4ACD0B22CC91DE56D13B2BC37758256EF4F71D7E8232BF39501F11B44C7ED0C887DD12BF05EBEE9B2723FEDEA5F2DDFFAAD4D8D6C3AD1A6AF5D07E333933DBA50D035D4739D915A4E709FEACED7DE84FCE07DE19DD76FFAAE477D9D58FFBD0959D73EE2E907A8B43436F9BBF2D577F5D4AE5C74E11161461540A40340A4228BBA15EA578C1D3BF6ED0103066C3BE38C331A057DD00B1166F10993B74546D6E21B9D90EEEFC4BA38CEA64F0202DD8489DFC220512E8BB9DC3ABE34A1A1DC91B9344C2FBAFDDE76D7E05BA65B99900FE74F61FB4FCAE3F7F63BD11CE422F7DAD584ACF312E99A407AB913D1726989760D636ED6F982AE41A300725739C17562563A41DFC8E59F4F7EBFA9EF063B91FE5727E801A0EA91695392AB578E32218BBA6F70F8B3098DA2C958D092AC42A40340E513EA6F75E9D265C3DCB973EB1752A01706F9ADCF7302798213E3FB9C382D0C754CEE56235991E542A3A15BB9870CB0A999EB14049968D328D731D0B5B471DB0F9890EBC96F0A791D9F38F17B9EC9B644F775AF6F0744BB46168E0D7440AECCE79C055D837E4796F553DCABACE27273D963D3B385FCCDC92634C1557975492EF90300958B35619FFB9AEC91C4C74C68044DEE6E3F38912EC1FEB8AB477E751DF8EFC8C68A259A2C0080A20875FBD2EB8B2FBED0C4CE5EA524D0E52F5ED789D0342716857EABA513BC3EBD72397EA313A7426E1F1D02DFC955442E1D5B9C48D664D346B99C638F13EADA47110D7E0A0860599C7A04F63DCA3564B9A1EB978FB82667750EAB6BFDE5FEE25DE7C11F4EEEECB6F9FCE41A4853C86B9863D359EE7F94CFBB460C4E759D92CF0AF99BEA143D6FD3EB26E44FBF8BA71DA052739213E17E0AAE59B13450D7D471EF7FEB8C0CBF06EA04A860B0A4034091908F7ABF7EFD1A8D1F3F3EB508874D0FFB2CBFEDFA4E482A524B6BB7FD6AD78068B855D65D453A79C5ED2F0BF87C27B4830C37A1094EB2846F32D99333855C4F3E740D8F5C3C0E77E7CC0DFD8E22CDDC1926DE2F71A2FB29778E46EE3AF34256294DCE947B4F9C3BE60827A625A0E5EE32C8847CE5E59BFFA9C9B928D313EE5AF47B43DD6FE7770DB29C2B4A43D05FFF2D13727FF11BDA5905FCA6F8A709CD09789EA71CA0D2B3CF14CDAF3CD6B0381C0000140389D0FC1655D2772716707CED52B886DAC538E64893FBA8A5AE37AFF5B9A3F3F8AEA4FF477EBF79BDC9696D0380CA893AE375F3F82E338FCF3294AC0D1CF707936D55870A024B3A005406F614F0BD2C46AB4A707C695C435EC7E4755C7ED72B0B785A19FC1FF9FDA662D10FE55103A8126C0EFBEC8560CC677F857C7DC784D64F900BE10AB2100000A0E29175FE5AB201A0DA2337C49A6403000000000000000000000000000000000000000000000000000000000000000000000000000000000000000000000000000000000000000000000000000000000000000000000000000000000000000000000000000000000000000000000000000000000000000000000000000000000000000000000000000000000000000000000000000000000000000000000000000000000000000000000000000000000000000000000000000000000000000000000000000000000000000000000000000000000000000000000000000000000000000000000000000000000000000000000000000000000000000000000000000000000000000000000000000000000000004005F1FF016210FC29CBD51BF10000000049454E44AE426082, '0');
INSERT INTO `act_ge_bytearray` VALUES ('75003', '1', 'leave.bpmn20.xml', '75001', 0x3C3F786D6C2076657273696F6E3D22312E302220656E636F64696E673D225554462D38223F3E0A3C646566696E6974696F6E7320786D6C6E733D22687474703A2F2F7777772E6F6D672E6F72672F737065632F42504D4E2F32303130303532342F4D4F44454C2220786D6C6E733A7873693D22687474703A2F2F7777772E77332E6F72672F323030312F584D4C536368656D612D696E7374616E63652220786D6C6E733A7873643D22687474703A2F2F7777772E77332E6F72672F323030312F584D4C536368656D612220786D6C6E733A61637469766974693D22687474703A2F2F61637469766974692E6F72672F62706D6E2220786D6C6E733A62706D6E64693D22687474703A2F2F7777772E6F6D672E6F72672F737065632F42504D4E2F32303130303532342F44492220786D6C6E733A6F6D6764633D22687474703A2F2F7777772E6F6D672E6F72672F737065632F44442F32303130303532342F44432220786D6C6E733A6F6D6764693D22687474703A2F2F7777772E6F6D672E6F72672F737065632F44442F32303130303532342F44492220747970654C616E67756167653D22687474703A2F2F7777772E77332E6F72672F323030312F584D4C536368656D61222065787072657373696F6E4C616E67756167653D22687474703A2F2F7777772E77332E6F72672F313939392F585061746822207461726765744E616D6573706163653D22687474703A2F2F7777772E6B6166656974752E6D652F61637469766974692F6C65617665223E0A20203C70726F636573732069643D226C6561766522206E616D653D22E8AFB7E58187E6B581E7A88B2DE58AA8E68081E8A1A8E58D952220697345786563757461626C653D2274727565223E0A202020203C646F63756D656E746174696F6E3EE8AFB7E58187E6B581E7A88BE6BC94E7A4BA2DE58AA8E68081E8A1A8E58D953C2F646F63756D656E746174696F6E3E0A202020203C73746172744576656E742069643D2273746172746576656E743122206E616D653D225374617274222061637469766974693A696E69746961746F723D226170706C79557365724964223E0A2020202020203C657874656E73696F6E456C656D656E74733E0A20202020202020203C61637469766974693A666F726D50726F70657274792069643D2273746172744461746522206E616D653D22E8AFB7E58187E5BC80E5A78BE697A5E69C9F2220747970653D22646174652220646174655061747465726E3D22797979792D4D4D2D6464222072657175697265643D2274727565223E3C2F61637469766974693A666F726D50726F70657274793E0A20202020202020203C61637469766974693A666F726D50726F70657274792069643D22656E644461746522206E616D653D22E8AFB7E58187E7BB93E69D9FE697A5E69C9F2220747970653D22646174652220646174655061747465726E3D22797979792D4D4D2D6464222072657175697265643D2274727565223E3C2F61637469766974693A666F726D50726F70657274793E0A20202020202020203C61637469766974693A666F726D50726F70657274792069643D22726561736F6E22206E616D653D22E8AFB7E58187E58E9FE59BA02220747970653D22737472696E67222072657175697265643D2274727565223E3C2F61637469766974693A666F726D50726F70657274793E0A2020202020203C2F657874656E73696F6E456C656D656E74733E0A202020203C2F73746172744576656E743E0A202020203C757365725461736B2069643D22646570744C6561646572417564697422206E616D653D22E983A8E997A8E9A286E5AFBCE5AEA1E689B9222061637469766974693A63616E64696461746547726F7570733D22646570744C6561646572223E0A2020202020203C657874656E73696F6E456C656D656E74733E0A20202020202020203C61637469766974693A666F726D50726F70657274792069643D2273746172744461746522206E616D653D22E8AFB7E58187E5BC80E5A78BE697A5E69C9F2220747970653D22646174652220646174655061747465726E3D22797979792D4D4D2D646422207772697461626C653D2266616C7365223E3C2F61637469766974693A666F726D50726F70657274793E0A20202020202020203C61637469766974693A666F726D50726F70657274792069643D22656E644461746522206E616D653D22E8AFB7E58187E7BB93E69D9FE697A5E69C9F2220747970653D22646174652220646174655061747465726E3D22797979792D4D4D2D646422207772697461626C653D2266616C7365223E3C2F61637469766974693A666F726D50726F70657274793E0A20202020202020203C61637469766974693A666F726D50726F70657274792069643D22726561736F6E22206E616D653D22E8AFB7E58187E58E9FE59BA02220747970653D22737472696E6722207772697461626C653D2266616C7365223E3C2F61637469766974693A666F726D50726F70657274793E0A20202020202020203C61637469766974693A666F726D50726F70657274792069643D22646570744C6561646572417070726F76656422206E616D653D22E5AEA1E689B9E6848FE8A7812220747970653D22656E756D222072657175697265643D2274727565223E0A202020202020202020203C61637469766974693A76616C75652069643D227472756522206E616D653D22E5908CE6848F223E3C2F61637469766974693A76616C75653E0A202020202020202020203C61637469766974693A76616C75652069643D2266616C736522206E616D653D22E68B92E7BB9D223E3C2F61637469766974693A76616C75653E0A20202020202020203C2F61637469766974693A666F726D50726F70657274793E0A2020202020203C2F657874656E73696F6E456C656D656E74733E0A202020203C2F757365725461736B3E0A202020203C6578636C7573697665476174657761792069643D226578636C7573697665676174657761793522206E616D653D224578636C75736976652047617465776179223E3C2F6578636C7573697665476174657761793E0A202020203C757365725461736B2069643D226D6F646966794170706C7922206E616D653D22E8B083E695B4E794B3E8AFB7222061637469766974693A61737369676E65653D22247B6170706C795573657249647D223E0A2020202020203C657874656E73696F6E456C656D656E74733E0A20202020202020203C61637469766974693A666F726D50726F70657274792069643D2273746172744461746522206E616D653D22E8AFB7E58187E5BC80E5A78BE697A5E69C9F2220747970653D22646174652220646174655061747465726E3D22797979792D4D4D2D6464222072657175697265643D2274727565223E3C2F61637469766974693A666F726D50726F70657274793E0A20202020202020203C61637469766974693A666F726D50726F70657274792069643D22656E644461746522206E616D653D22E8AFB7E58187E7BB93E69D9FE697A5E69C9F2220747970653D22646174652220646174655061747465726E3D22797979792D4D4D2D6464222072657175697265643D2274727565223E3C2F61637469766974693A666F726D50726F70657274793E0A20202020202020203C61637469766974693A666F726D50726F70657274792069643D22726561736F6E22206E616D653D22E8AFB7E58187E58E9FE59BA02220747970653D22737472696E67222072657175697265643D2274727565223E3C2F61637469766974693A666F726D50726F70657274793E0A20202020202020203C61637469766974693A666F726D50726F70657274792069643D2272654170706C7922206E616D653D22E9878DE696B0E794B3E8AFB72220747970653D22656E756D222072657175697265643D2274727565223E0A202020202020202020203C61637469766974693A76616C75652069643D227472756522206E616D653D22E9878DE696B0E794B3E8AFB7223E3C2F61637469766974693A76616C75653E0A202020202020202020203C61637469766974693A76616C75652069643D2266616C736522206E616D653D22E58F96E6B688E794B3E8AFB7223E3C2F61637469766974693A76616C75653E0A20202020202020203C2F61637469766974693A666F726D50726F70657274793E0A2020202020203C2F657874656E73696F6E456C656D656E74733E0A202020203C2F757365725461736B3E0A202020203C757365725461736B2069643D226872417564697422206E616D653D22E4BABAE4BA8BE5AEA1E689B9222061637469766974693A63616E64696461746547726F7570733D226872223E0A2020202020203C657874656E73696F6E456C656D656E74733E0A20202020202020203C61637469766974693A666F726D50726F70657274792069643D2273746172744461746522206E616D653D22E8AFB7E58187E5BC80E5A78BE697A5E69C9F2220747970653D22646174652220646174655061747465726E3D22797979792D4D4D2D646422207772697461626C653D2266616C7365223E3C2F61637469766974693A666F726D50726F70657274793E0A20202020202020203C61637469766974693A666F726D50726F70657274792069643D22656E644461746522206E616D653D22E8AFB7E58187E7BB93E69D9FE697A5E69C9F2220747970653D22646174652220646174655061747465726E3D22797979792D4D4D2D646422207772697461626C653D2266616C7365223E3C2F61637469766974693A666F726D50726F70657274793E0A20202020202020203C61637469766974693A666F726D50726F70657274792069643D22726561736F6E22206E616D653D22E8AFB7E58187E58E9FE59BA02220747970653D22737472696E6722207772697461626C653D2266616C7365223E3C2F61637469766974693A666F726D50726F70657274793E0A20202020202020203C61637469766974693A666F726D50726F70657274792069643D226872417070726F76656422206E616D653D22E5AEA1E689B9E6848FE8A7812220747970653D22656E756D222072657175697265643D2274727565223E0A202020202020202020203C61637469766974693A76616C75652069643D227472756522206E616D653D22E5908CE6848F223E3C2F61637469766974693A76616C75653E0A202020202020202020203C61637469766974693A76616C75652069643D2266616C736522206E616D653D22E68B92E7BB9D223E3C2F61637469766974693A76616C75653E0A20202020202020203C2F61637469766974693A666F726D50726F70657274793E0A2020202020203C2F657874656E73696F6E456C656D656E74733E0A202020203C2F757365725461736B3E0A202020203C6578636C7573697665476174657761792069643D226578636C7573697665676174657761793622206E616D653D224578636C75736976652047617465776179223E3C2F6578636C7573697665476174657761793E0A202020203C757365725461736B2069643D227265706F72744261636B22206E616D653D22E99480E58187222061637469766974693A61737369676E65653D22247B6170706C795573657249647D223E0A2020202020203C657874656E73696F6E456C656D656E74733E0A20202020202020203C61637469766974693A666F726D50726F70657274792069643D2273746172744461746522206E616D653D22E8AFB7E58187E5BC80E5A78BE697A5E69C9F2220747970653D22646174652220646174655061747465726E3D22797979792D4D4D2D646422207772697461626C653D2266616C7365223E3C2F61637469766974693A666F726D50726F70657274793E0A20202020202020203C61637469766974693A666F726D50726F70657274792069643D22656E644461746522206E616D653D22E8AFB7E58187E7BB93E69D9FE697A5E69C9F2220747970653D22646174652220646174655061747465726E3D22797979792D4D4D2D646422207772697461626C653D2266616C7365223E3C2F61637469766974693A666F726D50726F70657274793E0A20202020202020203C61637469766974693A666F726D50726F70657274792069643D22726561736F6E22206E616D653D22E8AFB7E58187E58E9FE59BA02220747970653D22737472696E6722207772697461626C653D2266616C7365223E3C2F61637469766974693A666F726D50726F70657274793E0A20202020202020203C61637469766974693A666F726D50726F70657274792069643D227265706F72744261636B4461746522206E616D653D22E99480E58187E697A5E69C9F2220747970653D22646174652220646174655061747465726E3D22797979792D4D4D2D6464222072657175697265643D2274727565223E3C2F61637469766974693A666F726D50726F70657274793E0A2020202020203C2F657874656E73696F6E456C656D656E74733E0A202020203C2F757365725461736B3E0A202020203C656E644576656E742069643D22656E646576656E743122206E616D653D22456E64223E3C2F656E644576656E743E0A202020203C6578636C7573697665476174657761792069643D226578636C7573697665676174657761793722206E616D653D224578636C75736976652047617465776179223E3C2F6578636C7573697665476174657761793E0A202020203C73657175656E6365466C6F772069643D22666C6F77322220736F757263655265663D2273746172746576656E743122207461726765745265663D22646570744C65616465724175646974223E3C2F73657175656E6365466C6F773E0A202020203C73657175656E6365466C6F772069643D22666C6F77332220736F757263655265663D22646570744C6561646572417564697422207461726765745265663D226578636C75736976656761746577617935223E3C2F73657175656E6365466C6F773E0A202020203C73657175656E6365466C6F772069643D22666C6F773422206E616D653D22E68B92E7BB9D2220736F757263655265663D226578636C7573697665676174657761793522207461726765745265663D226D6F646966794170706C79223E0A2020202020203C636F6E646974696F6E45787072657373696F6E207873693A747970653D2274466F726D616C45787072657373696F6E223E3C215B43444154415B247B646570744C6561646572417070726F766564203D3D202766616C7365277D5D5D3E3C2F636F6E646974696F6E45787072657373696F6E3E0A202020203C2F73657175656E6365466C6F773E0A202020203C73657175656E6365466C6F772069643D22666C6F773522206E616D653D22E5908CE6848F2220736F757263655265663D226578636C7573697665676174657761793522207461726765745265663D2268724175646974223E0A2020202020203C636F6E646974696F6E45787072657373696F6E207873693A747970653D2274466F726D616C45787072657373696F6E223E3C215B43444154415B247B646570744C6561646572417070726F766564203D3D202774727565277D5D5D3E3C2F636F6E646974696F6E45787072657373696F6E3E0A202020203C2F73657175656E6365466C6F773E0A202020203C73657175656E6365466C6F772069643D22666C6F77362220736F757263655265663D226872417564697422207461726765745265663D226578636C75736976656761746577617936223E3C2F73657175656E6365466C6F773E0A202020203C73657175656E6365466C6F772069643D22666C6F773722206E616D653D22E5908CE6848F2220736F757263655265663D226578636C7573697665676174657761793622207461726765745265663D227265706F72744261636B223E0A2020202020203C636F6E646974696F6E45787072657373696F6E207873693A747970653D2274466F726D616C45787072657373696F6E223E3C215B43444154415B247B6872417070726F766564203D3D202774727565277D5D5D3E3C2F636F6E646974696F6E45787072657373696F6E3E0A202020203C2F73657175656E6365466C6F773E0A202020203C73657175656E6365466C6F772069643D22666C6F773822206E616D653D22E99480E581872220736F757263655265663D227265706F72744261636B22207461726765745265663D22656E646576656E7431223E0A2020202020203C657874656E73696F6E456C656D656E74733E0A20202020202020203C61637469766974693A657865637574696F6E4C697374656E6572206576656E743D2274616B65222065787072657373696F6E3D22247B657865637574696F6E2E7365745661726961626C652827726573756C74272C20276F6B27297D223E3C2F61637469766974693A657865637574696F6E4C697374656E65723E0A2020202020203C2F657874656E73696F6E456C656D656E74733E0A202020203C2F73657175656E6365466C6F773E0A202020203C73657175656E6365466C6F772069643D22666C6F773922206E616D653D22E68B92E7BB9D2220736F757263655265663D226578636C7573697665676174657761793622207461726765745265663D226D6F646966794170706C79223E0A2020202020203C636F6E646974696F6E45787072657373696F6E207873693A747970653D2274466F726D616C45787072657373696F6E223E3C215B43444154415B247B6872417070726F766564203D3D202766616C7365277D5D5D3E3C2F636F6E646974696F6E45787072657373696F6E3E0A202020203C2F73657175656E6365466C6F773E0A202020203C73657175656E6365466C6F772069643D22666C6F77313022206E616D653D22E9878DE696B0E794B3E8AFB72220736F757263655265663D226578636C7573697665676174657761793722207461726765745265663D22646570744C65616465724175646974223E0A2020202020203C636F6E646974696F6E45787072657373696F6E207873693A747970653D2274466F726D616C45787072657373696F6E223E3C215B43444154415B247B72654170706C79203D3D202774727565277D5D5D3E3C2F636F6E646974696F6E45787072657373696F6E3E0A202020203C2F73657175656E6365466C6F773E0A202020203C73657175656E6365466C6F772069643D22666C6F7731312220736F757263655265663D226D6F646966794170706C7922207461726765745265663D226578636C75736976656761746577617937223E3C2F73657175656E6365466C6F773E0A202020203C73657175656E6365466C6F772069643D22666C6F77313222206E616D653D22E7BB93E69D9FE6B581E7A88B2220736F757263655265663D226578636C7573697665676174657761793722207461726765745265663D22656E646576656E7431223E0A2020202020203C657874656E73696F6E456C656D656E74733E0A20202020202020203C61637469766974693A657865637574696F6E4C697374656E6572206576656E743D2274616B65222065787072657373696F6E3D22247B657865637574696F6E2E7365745661726961626C652827726573756C74272C202763616E63656C656427297D223E3C2F61637469766974693A657865637574696F6E4C697374656E65723E0A2020202020203C2F657874656E73696F6E456C656D656E74733E0A2020202020203C636F6E646974696F6E45787072657373696F6E207873693A747970653D2274466F726D616C45787072657373696F6E223E3C215B43444154415B247B72654170706C79203D3D202766616C7365277D5D5D3E3C2F636F6E646974696F6E45787072657373696F6E3E0A202020203C2F73657175656E6365466C6F773E0A20203C2F70726F636573733E0A20203C62706D6E64693A42504D4E4469616772616D2069643D2242504D4E4469616772616D5F6C65617665223E0A202020203C62706D6E64693A42504D4E506C616E652062706D6E456C656D656E743D226C65617665222069643D2242504D4E506C616E655F6C65617665223E0A2020202020203C62706D6E64693A42504D4E53686170652062706D6E456C656D656E743D2273746172746576656E7431222069643D2242504D4E53686170655F73746172746576656E7431223E0A20202020202020203C6F6D6764633A426F756E6473206865696768743D2233302E30222077696474683D2233302E302220783D2231302E302220793D2233302E30223E3C2F6F6D6764633A426F756E64733E0A2020202020203C2F62706D6E64693A42504D4E53686170653E0A2020202020203C62706D6E64693A42504D4E53686170652062706D6E456C656D656E743D22646570744C65616465724175646974222069643D2242504D4E53686170655F646570744C65616465724175646974223E0A20202020202020203C6F6D6764633A426F756E6473206865696768743D2235352E30222077696474683D223130352E302220783D2239302E302220793D2232302E30223E3C2F6F6D6764633A426F756E64733E0A2020202020203C2F62706D6E64693A42504D4E53686170653E0A2020202020203C62706D6E64693A42504D4E53686170652062706D6E456C656D656E743D226578636C75736976656761746577617935222069643D2242504D4E53686170655F6578636C75736976656761746577617935223E0A20202020202020203C6F6D6764633A426F756E6473206865696768743D2234302E30222077696474683D2234302E302220783D223235302E302220793D2232372E30223E3C2F6F6D6764633A426F756E64733E0A2020202020203C2F62706D6E64693A42504D4E53686170653E0A2020202020203C62706D6E64693A42504D4E53686170652062706D6E456C656D656E743D226D6F646966794170706C79222069643D2242504D4E53686170655F6D6F646966794170706C79223E0A20202020202020203C6F6D6764633A426F756E6473206865696768743D2235352E30222077696474683D223130352E302220783D223231382E302220793D223130382E30223E3C2F6F6D6764633A426F756E64733E0A2020202020203C2F62706D6E64693A42504D4E53686170653E0A2020202020203C62706D6E64693A42504D4E53686170652062706D6E456C656D656E743D2268724175646974222069643D2242504D4E53686170655F68724175646974223E0A20202020202020203C6F6D6764633A426F756E6473206865696768743D2235352E30222077696474683D223130352E302220783D223335382E302220793D2232302E30223E3C2F6F6D6764633A426F756E64733E0A2020202020203C2F62706D6E64693A42504D4E53686170653E0A2020202020203C62706D6E64693A42504D4E53686170652062706D6E456C656D656E743D226578636C75736976656761746577617936222069643D2242504D4E53686170655F6578636C75736976656761746577617936223E0A20202020202020203C6F6D6764633A426F756E6473206865696768743D2234302E30222077696474683D2234302E302220783D223439352E302220793D2232372E30223E3C2F6F6D6764633A426F756E64733E0A2020202020203C2F62706D6E64693A42504D4E53686170653E0A2020202020203C62706D6E64693A42504D4E53686170652062706D6E456C656D656E743D227265706F72744261636B222069643D2242504D4E53686170655F7265706F72744261636B223E0A20202020202020203C6F6D6764633A426F756E6473206865696768743D2235352E30222077696474683D223130352E302220783D223539302E302220793D2232302E30223E3C2F6F6D6764633A426F756E64733E0A2020202020203C2F62706D6E64693A42504D4E53686170653E0A2020202020203C62706D6E64693A42504D4E53686170652062706D6E456C656D656E743D22656E646576656E7431222069643D2242504D4E53686170655F656E646576656E7431223E0A20202020202020203C6F6D6764633A426F756E6473206865696768743D2232382E30222077696474683D2232382E302220783D223632352E302220793D223232332E30223E3C2F6F6D6764633A426F756E64733E0A2020202020203C2F62706D6E64693A42504D4E53686170653E0A2020202020203C62706D6E64693A42504D4E53686170652062706D6E456C656D656E743D226578636C75736976656761746577617937222069643D2242504D4E53686170655F6578636C75736976656761746577617937223E0A20202020202020203C6F6D6764633A426F756E6473206865696768743D2234302E30222077696474683D2234302E302220783D223235302E302220793D223232302E30223E3C2F6F6D6764633A426F756E64733E0A2020202020203C2F62706D6E64693A42504D4E53686170653E0A2020202020203C62706D6E64693A42504D4E456467652062706D6E456C656D656E743D22666C6F773132222069643D2242504D4E456467655F666C6F773132223E0A20202020202020203C6F6D6764693A776179706F696E7420783D223238392E38333837303936373734313933332220793D223233392E3833383730393637373431393336223E3C2F6F6D6764693A776179706F696E743E0A20202020202020203C6F6D6764693A776179706F696E7420783D223632352E303030343632363634363137392220793D223233372E3131333831373337363731303431223E3C2F6F6D6764693A776179706F696E743E0A2020202020203C2F62706D6E64693A42504D4E456467653E0A2020202020203C62706D6E64693A42504D4E456467652062706D6E456C656D656E743D22666C6F7733222069643D2242504D4E456467655F666C6F7733223E0A20202020202020203C6F6D6764693A776179706F696E7420783D223139352E302220793D2234372E323934313137363437303538383236223E3C2F6F6D6764693A776179706F696E743E0A20202020202020203C6F6D6764693A776179706F696E7420783D223235302E3037383132352220793D2234372E303738313235223E3C2F6F6D6764693A776179706F696E743E0A2020202020203C2F62706D6E64693A42504D4E456467653E0A2020202020203C62706D6E64693A42504D4E456467652062706D6E456C656D656E743D22666C6F773131222069643D2242504D4E456467655F666C6F773131223E0A20202020202020203C6F6D6764693A776179706F696E7420783D223237302E33363834323130353236333135362220793D223136332E30223E3C2F6F6D6764693A776179706F696E743E0A20202020202020203C6F6D6764693A776179706F696E7420783D223237302E303935323338303935323338312220793D223232302E30393532333830393532333831223E3C2F6F6D6764693A776179706F696E743E0A2020202020203C2F62706D6E64693A42504D4E456467653E0A2020202020203C62706D6E64693A42504D4E456467652062706D6E456C656D656E743D22666C6F7732222069643D2242504D4E456467655F666C6F7732223E0A20202020202020203C6F6D6764693A776179706F696E7420783D2233392E39393636303539353038353539382220793D2234352E333139303736373232333538363435223E3C2F6F6D6764693A776179706F696E743E0A20202020202020203C6F6D6764693A776179706F696E7420783D2239302E302220793D2234362E3338323937383732333430343236223E3C2F6F6D6764693A776179706F696E743E0A2020202020203C2F62706D6E64693A42504D4E456467653E0A2020202020203C62706D6E64693A42504D4E456467652062706D6E456C656D656E743D22666C6F773130222069643D2242504D4E456467655F666C6F773130223E0A20202020202020203C6F6D6764693A776179706F696E7420783D223235302E31353530333837353936383939322220793D223233392E3834343936313234303331303038223E3C2F6F6D6764693A776179706F696E743E0A20202020202020203C6F6D6764693A776179706F696E7420783D223134322E302220793D223233392E30223E3C2F6F6D6764693A776179706F696E743E0A20202020202020203C6F6D6764693A776179706F696E7420783D223134322E34323831393834333334323033362220793D2237352E30223E3C2F6F6D6764693A776179706F696E743E0A2020202020203C2F62706D6E64693A42504D4E456467653E0A2020202020203C62706D6E64693A42504D4E456467652062706D6E456C656D656E743D22666C6F7735222069643D2242504D4E456467655F666C6F7735223E0A20202020202020203C6F6D6764693A776179706F696E7420783D223238392E39323930373830313431383433372220793D2234372E30373039323139383538313536223E3C2F6F6D6764693A776179706F696E743E0A20202020202020203C6F6D6764693A776179706F696E7420783D223335382E302220793D2234372E333133313637323539373836343735223E3C2F6F6D6764693A776179706F696E743E0A2020202020203C2F62706D6E64693A42504D4E456467653E0A2020202020203C62706D6E64693A42504D4E456467652062706D6E456C656D656E743D22666C6F7734222069643D2242504D4E456467655F666C6F7734223E0A20202020202020203C6F6D6764693A776179706F696E7420783D223237302E313132333539353530353631382220793D2236362E3838373634303434393433383231223E3C2F6F6D6764693A776179706F696E743E0A20202020202020203C6F6D6764693A776179706F696E7420783D223237302E333434363332373638333631362220793D223130382E30223E3C2F6F6D6764693A776179706F696E743E0A2020202020203C2F62706D6E64693A42504D4E456467653E0A2020202020203C62706D6E64693A42504D4E456467652062706D6E456C656D656E743D22666C6F7737222069643D2242504D4E456467655F666C6F7737223E0A20202020202020203C6F6D6764693A776179706F696E7420783D223533342E3932313837352220793D2234372E303738313235223E3C2F6F6D6764693A776179706F696E743E0A20202020202020203C6F6D6764693A776179706F696E7420783D223539302E302220793D2234372E323934313137363437303538383236223E3C2F6F6D6764693A776179706F696E743E0A2020202020203C2F62706D6E64693A42504D4E456467653E0A2020202020203C62706D6E64693A42504D4E456467652062706D6E456C656D656E743D22666C6F7736222069643D2242504D4E456467655F666C6F7736223E0A20202020202020203C6F6D6764693A776179706F696E7420783D223436332E302220793D2234372E323438383033383237373531313936223E3C2F6F6D6764693A776179706F696E743E0A20202020202020203C6F6D6764693A776179706F696E7420783D223439352E303935323338303935323338312220793D2234372E303935323338303935323338303935223E3C2F6F6D6764693A776179706F696E743E0A2020202020203C2F62706D6E64693A42504D4E456467653E0A2020202020203C62706D6E64693A42504D4E456467652062706D6E456C656D656E743D22666C6F7739222069643D2242504D4E456467655F666C6F7739223E0A20202020202020203C6F6D6764693A776179706F696E7420783D223531342E373735323830383938383736342220793D2236362E37373532383038393838373634223E3C2F6F6D6764693A776179706F696E743E0A20202020202020203C6F6D6764693A776179706F696E7420783D223531342E302220793D223133352E30223E3C2F6F6D6764693A776179706F696E743E0A20202020202020203C6F6D6764693A776179706F696E7420783D223332332E302220793D223133352E3339323139373132353235363637223E3C2F6F6D6764693A776179706F696E743E0A2020202020203C2F62706D6E64693A42504D4E456467653E0A2020202020203C62706D6E64693A42504D4E456467652062706D6E456C656D656E743D22666C6F7738222069643D2242504D4E456467655F666C6F7738223E0A20202020202020203C6F6D6764693A776179706F696E7420783D223634312E393932303834343332373137372220793D2237352E30223E3C2F6F6D6764693A776179706F696E743E0A20202020202020203C6F6D6764693A776179706F696E7420783D223633392E32353835333131303535322220793D223232332E303032333837323836383435223E3C2F6F6D6764693A776179706F696E743E0A2020202020203C2F62706D6E64693A42504D4E456467653E0A202020203C2F62706D6E64693A42504D4E506C616E653E0A20203C2F62706D6E64693A42504D4E4469616772616D3E0A3C2F646566696E6974696F6E733E, '0');
INSERT INTO `act_ge_bytearray` VALUES ('82502', '2', 'source', null, 0x7B227265736F757263654964223A223832353031222C2270726F70657274696573223A7B2270726F636573735F6964223A227661636174696F6E2D666C6F77222C226E616D65223A22E8AFB7E58187E6B581E7A88B222C22646F63756D656E746174696F6E223A22E59198E5B7A5E8AFB7E58187E6B581E7A88B222C2270726F636573735F617574686F72223A22222C2270726F636573735F76657273696F6E223A22222C2270726F636573735F6E616D657370616365223A22687474703A2F2F7777772E61637469766974692E6F72672F70726F63657373646566222C22657865637574696F6E6C697374656E657273223A22222C226576656E746C697374656E657273223A22222C227369676E616C646566696E6974696F6E73223A22222C226D657373616765646566696E6974696F6E73223A22227D2C227374656E63696C223A7B226964223A2242504D4E4469616772616D227D2C226368696C64536861706573223A5B7B227265736F757263654964223A227369642D31423341373938462D333036322D343631462D413443452D373032453733314438393139222C2270726F70657274696573223A7B226F766572726964656964223A2273746172744576656E74222C226E616D65223A22E5BC80E5A78B222C22646F63756D656E746174696F6E223A22222C22657865637574696F6E6C697374656E657273223A22222C22696E69746961746F72223A22222C22666F726D6B6579646566696E6974696F6E223A22222C22666F726D70726F70657274696573223A22227D2C227374656E63696C223A7B226964223A2253746172744E6F6E654576656E74227D2C226368696C64536861706573223A5B5D2C226F7574676F696E67223A5B7B227265736F757263654964223A227369642D31343543323730382D304643432D343839422D393144452D423235373634343235333142227D5D2C22626F756E6473223A7B226C6F7765725269676874223A7B2278223A3136382E37352C2279223A3133357D2C2275707065724C656674223A7B2278223A3133382E37352C2279223A3130357D7D2C22646F636B657273223A5B5D7D2C7B227265736F757263654964223A227369642D45333035443335422D304237302D344239352D393531362D463936443641444146394643222C2270726F70657274696573223A7B226F766572726964656964223A22646570744C6561646572222C226E616D65223A22E9A286E5AFBCE5AEA1E689B9222C22646F63756D656E746174696F6E223A22222C226173796E6368726F6E6F7573646566696E6974696F6E223A2266616C7365222C226578636C7573697665646566696E6974696F6E223A2266616C7365222C22657865637574696F6E6C697374656E657273223A22222C226D756C7469696E7374616E63655F74797065223A224E6F6E65222C226D756C7469696E7374616E63655F63617264696E616C697479223A22222C226D756C7469696E7374616E63655F636F6C6C656374696F6E223A22222C226D756C7469696E7374616E63655F7661726961626C65223A22222C226D756C7469696E7374616E63655F636F6E646974696F6E223A22222C226973666F72636F6D70656E736174696F6E223A2266616C7365222C22757365727461736B61737369676E6D656E74223A22222C22666F726D6B6579646566696E6974696F6E223A22222C2264756564617465646566696E6974696F6E223A22222C227072696F72697479646566696E6974696F6E223A22222C22666F726D70726F70657274696573223A22222C227461736B6C697374656E657273223A22227D2C227374656E63696C223A7B226964223A22557365725461736B227D2C226368696C64536861706573223A5B5D2C226F7574676F696E67223A5B7B227265736F757263654964223A227369642D33463343343846302D303034392D343639362D394244392D303637373035433237314446227D5D2C22626F756E6473223A7B226C6F7765725269676874223A7B2278223A3331332E37352C2279223A3136307D2C2275707065724C656674223A7B2278223A3231332E37352C2279223A38307D7D2C22646F636B657273223A5B5D7D2C7B227265736F757263654964223A227369642D31343543323730382D304643432D343839422D393144452D423235373634343235333142222C2270726F70657274696573223A7B226F766572726964656964223A22222C226E616D65223A22222C22646F63756D656E746174696F6E223A22222C22636F6E646974696F6E73657175656E6365666C6F77223A22222C22657865637574696F6E6C697374656E657273223A22222C2264656661756C74666C6F77223A2266616C7365227D2C227374656E63696C223A7B226964223A2253657175656E6365466C6F77227D2C226368696C64536861706573223A5B5D2C226F7574676F696E67223A5B7B227265736F757263654964223A227369642D45333035443335422D304237302D344239352D393531362D463936443641444146394643227D5D2C22626F756E6473223A7B226C6F7765725269676874223A7B2278223A3231322E39303632352C2279223A3132307D2C2275707065724C656674223A7B2278223A3136392E3335393337352C2279223A3132307D7D2C22646F636B657273223A5B7B2278223A31352C2279223A31357D2C7B2278223A35302C2279223A34307D5D2C22746172676574223A7B227265736F757263654964223A227369642D45333035443335422D304237302D344239352D393531362D463936443641444146394643227D7D2C7B227265736F757263654964223A227369642D43463836373245302D314230462D343942452D423345422D334645433638333635393235222C2270726F70657274696573223A7B226F766572726964656964223A22222C226E616D65223A22222C22646F63756D656E746174696F6E223A22222C226173796E6368726F6E6F7573646566696E6974696F6E223A2266616C7365222C226578636C7573697665646566696E6974696F6E223A2266616C7365222C2273657175656E6365666C6F776F72646572223A22227D2C227374656E63696C223A7B226964223A224578636C757369766547617465776179227D2C226368696C64536861706573223A5B5D2C226F7574676F696E67223A5B7B227265736F757263654964223A227369642D30373431334235462D303443422D343044412D383134302D453641394333363533364131227D2C7B227265736F757263654964223A227369642D44323438414530372D303131342D343542302D393035432D443734373331333235304333227D5D2C22626F756E6473223A7B226C6F7765725269676874223A7B2278223A3339382E37352C2279223A3134307D2C2275707065724C656674223A7B2278223A3335382E37352C2279223A3130307D7D2C22646F636B657273223A5B5D7D2C7B227265736F757263654964223A227369642D33463343343846302D303034392D343639362D394244392D303637373035433237314446222C2270726F70657274696573223A7B226F766572726964656964223A22222C226E616D65223A22222C22646F63756D656E746174696F6E223A22222C22636F6E646974696F6E73657175656E6365666C6F77223A22222C22657865637574696F6E6C697374656E657273223A22222C2264656661756C74666C6F77223A2266616C7365227D2C227374656E63696C223A7B226964223A2253657175656E6365466C6F77227D2C226368696C64536861706573223A5B5D2C226F7574676F696E67223A5B7B227265736F757263654964223A227369642D43463836373245302D314230462D343942452D423345422D334645433638333635393235227D5D2C22626F756E6473223A7B226C6F7765725269676874223A7B2278223A3335382E33393834343638373030303735352C2279223A3132302E343039373333353336323333387D2C2275707065724C656674223A7B2278223A3331342E33373838393638373939393234352C2279223A3132302E323139313732373133373636327D7D2C22646F636B657273223A5B7B2278223A35302C2279223A34307D2C7B2278223A32302E352C2279223A32302E357D5D2C22746172676574223A7B227265736F757263654964223A227369642D43463836373245302D314230462D343942452D423345422D334645433638333635393235227D7D2C7B227265736F757263654964223A227369642D45454138384244322D323641302D343243392D414544432D413730364246413238374241222C2270726F70657274696573223A7B226F766572726964656964223A226872222C226E616D65223A22E4BABAE4BA8BE5AEA1E689B9222C22646F63756D656E746174696F6E223A22222C226173796E6368726F6E6F7573646566696E6974696F6E223A2266616C7365222C226578636C7573697665646566696E6974696F6E223A2266616C7365222C22657865637574696F6E6C697374656E657273223A22222C226D756C7469696E7374616E63655F74797065223A224E6F6E65222C226D756C7469696E7374616E63655F63617264696E616C697479223A22222C226D756C7469696E7374616E63655F636F6C6C656374696F6E223A22222C226D756C7469696E7374616E63655F7661726961626C65223A22222C226D756C7469696E7374616E63655F636F6E646974696F6E223A22222C226973666F72636F6D70656E736174696F6E223A2266616C7365222C22757365727461736B61737369676E6D656E74223A22222C22666F726D6B6579646566696E6974696F6E223A22222C2264756564617465646566696E6974696F6E223A22222C227072696F72697479646566696E6974696F6E223A22222C22666F726D70726F70657274696573223A22222C227461736B6C697374656E657273223A22227D2C227374656E63696C223A7B226964223A22557365725461736B227D2C226368696C64536861706573223A5B5D2C226F7574676F696E67223A5B7B227265736F757263654964223A227369642D43394434344131422D413639352D343045462D393042312D413535423946323533373233227D5D2C22626F756E6473223A7B226C6F7765725269676874223A7B2278223A3536352C2279223A3136307D2C2275707065724C656674223A7B2278223A3436352C2279223A38307D7D2C22646F636B657273223A5B5D7D2C7B227265736F757263654964223A227369642D45353141424139302D393833452D343231372D393942392D433139343030394439383930222C2270726F70657274696573223A7B226F766572726964656964223A22656D70222C226E616D65223A22E8B083E695B4E794B3E8AFB7222C22646F63756D656E746174696F6E223A22222C226173796E6368726F6E6F7573646566696E6974696F6E223A2266616C7365222C226578636C7573697665646566696E6974696F6E223A2266616C7365222C22657865637574696F6E6C697374656E657273223A22222C226D756C7469696E7374616E63655F74797065223A224E6F6E65222C226D756C7469696E7374616E63655F63617264696E616C697479223A22222C226D756C7469696E7374616E63655F636F6C6C656374696F6E223A22222C226D756C7469696E7374616E63655F7661726961626C65223A22222C226D756C7469696E7374616E63655F636F6E646974696F6E223A22222C226973666F72636F6D70656E736174696F6E223A2266616C7365222C22757365727461736B61737369676E6D656E74223A22222C22666F726D6B6579646566696E6974696F6E223A22222C2264756564617465646566696E6974696F6E223A22222C227072696F72697479646566696E6974696F6E223A22222C22666F726D70726F70657274696573223A22222C227461736B6C697374656E657273223A22227D2C227374656E63696C223A7B226964223A22557365725461736B227D2C226368696C64536861706573223A5B5D2C226F7574676F696E67223A5B7B227265736F757263654964223A227369642D44323742323435302D433136322D343732392D424435362D364631374242423036444534227D5D2C22626F756E6473223A7B226C6F7765725269676874223A7B2278223A3535362C2279223A3238317D2C2275707065724C656674223A7B2278223A3437342C2279223A3230397D7D2C22646F636B657273223A5B5D7D2C7B227265736F757263654964223A227369642D45393033413332322D434637362D343032342D394234372D423633393436353335363446222C2270726F70657274696573223A7B226F766572726964656964223A22656E644576656E74222C226E616D65223A22E7BB93E69D9F222C22646F63756D656E746174696F6E223A22222C22657865637574696F6E6C697374656E657273223A22227D2C227374656E63696C223A7B226964223A22456E644E6F6E654576656E74227D2C226368696C64536861706573223A5B5D2C226F7574676F696E67223A5B5D2C22626F756E6473223A7B226C6F7765725269676874223A7B2278223A3739332C2279223A3133347D2C2275707065724C656674223A7B2278223A3736352C2279223A3130367D7D2C22646F636B657273223A5B5D7D2C7B227265736F757263654964223A227369642D30373431334235462D303443422D343044412D383134302D453641394333363533364131222C2270726F70657274696573223A7B226F766572726964656964223A22222C226E616D65223A22E5908CE6848F222C22646F63756D656E746174696F6E223A22222C22636F6E646974696F6E73657175656E6365666C6F77223A22222C22657865637574696F6E6C697374656E657273223A22222C2264656661756C74666C6F77223A2266616C7365227D2C227374656E63696C223A7B226964223A2253657175656E6365466C6F77227D2C226368696C64536861706573223A5B5D2C226F7574676F696E67223A5B7B227265736F757263654964223A227369642D45454138384244322D323641302D343243392D414544432D413730364246413238374241227D5D2C22626F756E6473223A7B226C6F7765725269676874223A7B2278223A3436342E31353433303336353830363430372C2279223A3132302E34323630303432383337333133367D2C2275707065724C656674223A7B2278223A3339392E33333938333639363639333539332C2279223A3132302E31383732373639363632363836347D7D2C22646F636B657273223A5B7B2278223A32302E352C2279223A32302E357D2C7B2278223A35302C2279223A34307D5D2C22746172676574223A7B227265736F757263654964223A227369642D45454138384244322D323641302D343243392D414544432D413730364246413238374241227D7D2C7B227265736F757263654964223A227369642D44323438414530372D303131342D343542302D393035432D443734373331333235304333222C2270726F70657274696573223A7B226F766572726964656964223A22222C226E616D65223A22E68B92E7BB9D222C22646F63756D656E746174696F6E223A22222C22636F6E646974696F6E73657175656E6365666C6F77223A22222C22657865637574696F6E6C697374656E657273223A22222C2264656661756C74666C6F77223A2266616C7365227D2C227374656E63696C223A7B226964223A2253657175656E6365466C6F77227D2C226368696C64536861706573223A5B5D2C226F7574676F696E67223A5B7B227265736F757263654964223A227369642D45353141424139302D393833452D343231372D393942392D433139343030394439383930227D5D2C22626F756E6473223A7B226C6F7765725269676874223A7B2278223A3437332E36393932313837352C2279223A3234357D2C2275707065724C656674223A7B2278223A3337392E32352C2279223A3134302E3935333132357D7D2C22646F636B657273223A5B7B2278223A32302E352C2279223A32302E357D2C7B2278223A3337392E32352C2279223A3234357D2C7B2278223A34312C2279223A33367D5D2C22746172676574223A7B227265736F757263654964223A227369642D45353141424139302D393833452D343231372D393942392D433139343030394439383930227D7D2C7B227265736F757263654964223A227369642D41313436324443352D424543352D343733452D413932462D383943323530324145413141222C2270726F70657274696573223A7B226F766572726964656964223A22222C226E616D65223A22222C22646F63756D656E746174696F6E223A22222C226173796E6368726F6E6F7573646566696E6974696F6E223A2266616C7365222C226578636C7573697665646566696E6974696F6E223A2266616C7365222C2273657175656E6365666C6F776F72646572223A22227D2C227374656E63696C223A7B226964223A224578636C757369766547617465776179227D2C226368696C64536861706573223A5B5D2C226F7574676F696E67223A5B7B227265736F757263654964223A227369642D39354635464432352D333646392D343537392D424432442D333737453839313446353444227D2C7B227265736F757263654964223A227369642D41393333423437362D414342322D343434442D393234422D444146444146353044414238227D5D2C22626F756E6473223A7B226C6F7765725269676874223A7B2278223A3639342C2279223A3134307D2C2275707065724C656674223A7B2278223A3635342C2279223A3130307D7D2C22646F636B657273223A5B5D7D2C7B227265736F757263654964223A227369642D43394434344131422D413639352D343045462D393042312D413535423946323533373233222C2270726F70657274696573223A7B226F766572726964656964223A22222C226E616D65223A22222C22646F63756D656E746174696F6E223A22222C22636F6E646974696F6E73657175656E6365666C6F77223A22222C22657865637574696F6E6C697374656E657273223A22222C2264656661756C74666C6F77223A2266616C7365227D2C227374656E63696C223A7B226964223A2253657175656E6365466C6F77227D2C226368696C64536861706573223A5B5D2C226F7574676F696E67223A5B7B227265736F757263654964223A227369642D41313436324443352D424543352D343733452D413932462D383943323530324145413141227D5D2C22626F756E6473223A7B226C6F7765725269676874223A7B2278223A3635332E353632353034393133343337352C2279223A3132302E34333433363532313931363433387D2C2275707065724C656674223A7B2278223A3536352E383433373435303836353632352C2279223A3132302E31353933383437383038333536327D7D2C22646F636B657273223A5B7B2278223A35302C2279223A34307D2C7B2278223A32302E352C2279223A32302E357D5D2C22746172676574223A7B227265736F757263654964223A227369642D41313436324443352D424543352D343733452D413932462D383943323530324145413141227D7D2C7B227265736F757263654964223A227369642D39354635464432352D333646392D343537392D424432442D333737453839313446353444222C2270726F70657274696573223A7B226F766572726964656964223A22222C226E616D65223A22E5908CE6848F222C22646F63756D656E746174696F6E223A22222C22636F6E646974696F6E73657175656E6365666C6F77223A22222C22657865637574696F6E6C697374656E657273223A22222C2264656661756C74666C6F77223A2266616C7365227D2C227374656E63696C223A7B226964223A2253657175656E6365466C6F77227D2C226368696C64536861706573223A5B5D2C226F7574676F696E67223A5B7B227265736F757263654964223A227369642D45393033413332322D434637362D343032342D394234372D423633393436353335363446227D5D2C22626F756E6473223A7B226C6F7765725269676874223A7B2278223A3736342E393337353131343436343237382C2279223A3132302E34303533373136313537373233387D2C2275707065724C656674223A7B2278223A3639342E323737333332333033353732322C2279223A3132302E30363732383436333432323736327D7D2C22646F636B657273223A5B7B2278223A32302E352C2279223A32302E357D2C7B2278223A31342C2279223A31347D5D2C22746172676574223A7B227265736F757263654964223A227369642D45393033413332322D434637362D343032342D394234372D423633393436353335363446227D7D2C7B227265736F757263654964223A227369642D41393333423437362D414342322D343434442D393234422D444146444146353044414238222C2270726F70657274696573223A7B226F766572726964656964223A22222C226E616D65223A22E68B92E7BB9D222C22646F63756D656E746174696F6E223A22222C22636F6E646974696F6E73657175656E6365666C6F77223A22222C22657865637574696F6E6C697374656E657273223A22222C2264656661756C74666C6F77223A2266616C7365227D2C227374656E63696C223A7B226964223A2253657175656E6365466C6F77227D2C226368696C64536861706573223A5B5D2C226F7574676F696E67223A5B7B227265736F757263654964223A227369642D45353141424139302D393833452D343231372D393942392D433139343030394439383930227D5D2C22626F756E6473223A7B226C6F7765725269676874223A7B2278223A3637342E352C2279223A3234357D2C2275707065724C656674223A7B2278223A3535362E3439383034363837352C2279223A3134302E3935333132357D7D2C22646F636B657273223A5B7B2278223A32302E352C2279223A32302E357D2C7B2278223A3637342E352C2279223A3234357D2C7B2278223A34312C2279223A33367D5D2C22746172676574223A7B227265736F757263654964223A227369642D45353141424139302D393833452D343231372D393942392D433139343030394439383930227D7D2C7B227265736F757263654964223A227369642D31453730314142302D393638322D344436432D413833372D413034393844343542333431222C2270726F70657274696573223A7B226F766572726964656964223A22222C226E616D65223A22222C22646F63756D656E746174696F6E223A22222C226173796E6368726F6E6F7573646566696E6974696F6E223A2266616C7365222C226578636C7573697665646566696E6974696F6E223A2266616C7365222C2273657175656E6365666C6F776F72646572223A22227D2C227374656E63696C223A7B226964223A224578636C757369766547617465776179227D2C226368696C64536861706573223A5B5D2C226F7574676F696E67223A5B7B227265736F757263654964223A227369642D46393341314641362D443239422D343034362D384630462D334132433834393733434344227D2C7B227265736F757263654964223A227369642D39463842384530462D454634462D344646462D383738432D424630373835353335454238227D5D2C22626F756E6473223A7B226C6F7765725269676874223A7B2278223A3533352C2279223A3335357D2C2275707065724C656674223A7B2278223A3439352C2279223A3331357D7D2C22646F636B657273223A5B5D7D2C7B227265736F757263654964223A227369642D44323742323435302D433136322D343732392D424435362D364631374242423036444534222C2270726F70657274696573223A7B226F766572726964656964223A22222C226E616D65223A22222C22646F63756D656E746174696F6E223A22222C22636F6E646974696F6E73657175656E6365666C6F77223A22222C22657865637574696F6E6C697374656E657273223A22222C2264656661756C74666C6F77223A2266616C7365227D2C227374656E63696C223A7B226964223A2253657175656E6365466C6F77227D2C226368696C64536861706573223A5B5D2C226F7574676F696E67223A5B7B227265736F757263654964223A227369642D31453730314142302D393638322D344436432D413833372D413034393844343542333431227D5D2C22626F756E6473223A7B226C6F7765725269676874223A7B2278223A3531352E333835313030323232343430332C2279223A3331342E373033313430323631377D2C2275707065724C656674223A7B2278223A3531352E323030383337323737353539372C2279223A3238312E333531353437323338337D7D2C22646F636B657273223A5B7B2278223A34312C2279223A33367D2C7B2278223A32302E352C2279223A32302E357D5D2C22746172676574223A7B227265736F757263654964223A227369642D31453730314142302D393638322D344436432D413833372D413034393844343542333431227D7D2C7B227265736F757263654964223A227369642D39463842384530462D454634462D344646462D383738432D424630373835353335454238222C2270726F70657274696573223A7B226F766572726964656964223A22222C226E616D65223A22E9878DE696B0E794B3E8AFB7222C22646F63756D656E746174696F6E223A22222C22636F6E646974696F6E73657175656E6365666C6F77223A22222C22657865637574696F6E6C697374656E657273223A22222C2264656661756C74666C6F77223A2266616C7365227D2C227374656E63696C223A7B226964223A2253657175656E6365466C6F77227D2C226368696C64536861706573223A5B5D2C226F7574676F696E67223A5B7B227265736F757263654964223A227369642D45333035443335422D304237302D344239352D393531362D463936443641444146394643227D5D2C22626F756E6473223A7B226C6F7765725269676874223A7B2278223A3439342E38333230333132352C2279223A3333352E357D2C2275707065724C656674223A7B2278223A3236332E37352C2279223A3136302E3536343435333132357D7D2C22646F636B657273223A5B7B2278223A32302E352C2279223A32302E357D2C7B2278223A3236332E37352C2279223A3333352E357D2C7B2278223A35302C2279223A34307D5D2C22746172676574223A7B227265736F757263654964223A227369642D45333035443335422D304237302D344239352D393531362D463936443641444146394643227D7D2C7B227265736F757263654964223A227369642D46393341314641362D443239422D343034362D384630462D334132433834393733434344222C2270726F70657274696573223A7B226F766572726964656964223A22222C226E616D65223A22E58F96E6B688E794B3E8AFB7222C22646F63756D656E746174696F6E223A22222C22636F6E646974696F6E73657175656E6365666C6F77223A22222C22657865637574696F6E6C697374656E657273223A22222C2264656661756C74666C6F77223A2266616C7365222C2273686F776469616D6F6E646D61726B6572223A66616C73657D2C227374656E63696C223A7B226964223A2253657175656E6365466C6F77227D2C226368696C64536861706573223A5B5D2C226F7574676F696E67223A5B7B227265736F757263654964223A227369642D45393033413332322D434637362D343032342D394234372D423633393436353335363446227D5D2C22626F756E6473223A7B226C6F7765725269676874223A7B2278223A3737392C2279223A3333352E357D2C2275707065724C656674223A7B2278223A3533352E30323733343337352C2279223A3133342E34363837357D7D2C22646F636B657273223A5B7B2278223A32302E352C2279223A32302E357D2C7B2278223A3737392C2279223A3333352E357D2C7B2278223A31342C2279223A31347D5D2C22746172676574223A7B227265736F757263654964223A227369642D45393033413332322D434637362D343032342D394234372D423633393436353335363446227D7D5D2C22626F756E6473223A7B226C6F7765725269676874223A7B2278223A313030302C2279223A313135307D2C2275707065724C656674223A7B2278223A302C2279223A307D7D2C227374656E63696C736574223A7B2275726C223A227374656E63696C736574732F62706D6E322E302F62706D6E322E302E6A736F6E222C226E616D657370616365223A22687474703A2F2F62336D6E2E6F72672F7374656E63696C7365742F62706D6E322E3023227D2C227373657874656E73696F6E73223A5B5D7D, null);
INSERT INTO `act_ge_bytearray` VALUES ('82503', '2', 'source-extra', null, 0x89504E470D0A1A0A0000000D494844520000034B0000019508060000002FEF6A00000000206348524D00007A26000080840000FA00000080E8000075300000EA6000003A98000017709CBA513C0000000467414D410000B18E7CFB5193000000017352474200AECE1CE900000006624B474400FF00FF00FFA0BDA793000000097048597300000EC400000EC401952B0E1B000020004944415478DAEDDD077814D5DAC0F1B3E9A149EFD26C3405954F2C285151100B2A10124140BD76501083A252BC222282A8E8450514442008285C5101B91A0195DE510484104A02842484401248B2DF796767E364494F3665F3FF3DCF7966CBEC6E7266E6CC79E794510A000000000000000000000000000000000000000000000000000000000000000000000000000000000000000000000000000000000000000000000000000000000000000000000000000000000000000000000000000000000000000000000000000000000000000000000000000000000000000000000000000000000000000000000000000000000000000000000000000000000000000000000000000000000000000000000000000000000000000000000000000000000000000000000000000000000000000000000000000000000000000000000000000000000000000000000000000000000000000000000000000000000000000000000000000000000000000000000000000000000000000000000000000000000000000000000000000000000000000000000000000000000000000000000000000000000000000000000000000000000000000000000000000000000000000000000000000000000000000000000000000000000000000000000000000000000000000000000000000000000000005011D8C802A064AC5FBFFE762F2FAFA1A9A9A91D5352526A65646470FC15B500B3D954A54A959275DAADD3E7975D76D954FD5A1A3983D264B7DB030E1C3830282929A9DFD9B367AF3873E64C803EDEC998A21FEF767F7FFF937E7E7EEBCF9F3F3FB153A74E3F932B0008968072EEA79F7E6AA34FEE0B7505EAF2FAF5EB7B5D74D145AA6AD5AA4A074E644E114905545748556262A23A76EC98E4697CF5EAD59F68D9B2E5427207A54107494FC5C6C64E4A4949A9A48F77C5F1EE9EE33D2626E65C7A7AFA9FC9C9C9FDBA76EDBA93DC0140B0049443AB57AFBE579FD0173569D2C4B761C386464B08DCE7E8D1A3EAE0C1834AE7F594CB2FBFFC39720425292A2A6AF1FEFDFB7BE8E35D71BC97CCF11E1919996CB7DB436FBBEDB625E4080077F0260B00F7054AFA24FE55EBD6ADFDEBD4A943C5A904C815FC9A356BCAD5FD8E23468CA83E65CA94E5E40A4A2A50D2A947AB56AD14C77B891EEFBEC78F1FBFBB5FBF7E3BBEF8E28B3DE40A008225A01C58BE7C794BBD58D1A64D9B4AD5AA55CB769DA4137FAAA3BB16AA637F7DA7E2A37E55E793E35440B586CACBC79F0C2C023F3F3F55BD7A75B56FDFBE8ECF3DF7DC9A4F3EF9E400B9027792AE77919191C32450CAEE784F4D3AA662FEF846C5FCB944C51EF8599D8D3FA0FC2BD7553EFED5C8BC6238DE75C0E41F1313D3BD6FDFBEDF7DF9E597C7C91500C5894ED4807B4EE0D39A366DEA9F53A074EAE8667564FB3C95927844D933D254FAF964957064A38ADAFCB9CA483F47061651E5CA9595CE7F5B6A6AEA5C7203EE249339C81825E97A9753A07468F3672A29F62FE3D896E3FD6CDCDF2A6AD30CE3F847F11CEFCD9A35CBF0F6F6FE80DC0040B00494712B56AC68EFE5E57555A3468D7C725AE7C4DF2B7525EBC2D9B1CE9D39A14EE9A009452763467445B6EE860D1BEE2337E02E32EB9D4CE620FB5B76E20EAE5669E7CE5CF0BA044EB10722C8C062D2B871E39A3E3E3E97FDF8E38FD7931B0008968032CC66B3F5AC5FBF7E464E6316D2CF25A9B4D4C41C3F9F7A865E24C5A55EBD7A12303D4D4EC05D647A7099F52EA7E33D3997D623697542F1A95BB76E8C5EF4242700102C016598B7B777B71A356A54CFE9FD8C8CDC6F03945D8B130A47BA45A5A6A6762027E02E721F25991E3CC7E339FD7C2E073BC77A71AA5DBB7623BD0822270014271FB200285EE9E9E957C92C4D287D55AA549160A916390177911BCE72BC970D7A3B34D08B3AE40480E244CB1250FCFCB801651929E0F476B0DBEDCCE10CB7911BA572BC979DE35D71111800C11250BEC974C1365BCE879E8F5F153209F010BE813572290B689102008225005948A054AB7950B601936F604D55AD7E3B3209F010359BDCA87CFC2A5FF0BAB76FA0AAD9B413190400044B005CD56E715BB637A4ACAD8328FF2AF5C820C04354A9D34A55AE7D45B6AF57ADDB860C0200822500AE8C9B5366331356DAB9243207F03072D3E90B8EF5D4D3640C00102C01709514FB973AB0F6C36CEFB57462DF0A15FDC7D7D956AE00942F7293E9A84D3354D2893F2F78EFCCC9BD2A6AE334631D0040D9C5AC31400991D6A493072254DCC135B9DE4BE9D4D1CDEA6CDC7E55AFE5BDAA4A36DD7700947D721C9FD8B75CA59D3B93E33A67130EAAC8F553559D4BBAA8EA175F9FEBC42F00008225C063C955E4637BBECFF755E4F32909EAF0D6D9AA46E3EB8CF14DDECC9007940B728CCBB12EC77C7EC8451459FFF4893F55DDCBBBAB00E356410080B282CB58809BA5241E31029FC274B7893FBC5E1DDDB5884C04CA096929CA6FA0647536FE803AB8E1133210000896808A25A7C91CF2CB9E914626A2C8060E1C589D5C2899E39D631DA06C82E7A01B1EE066956A34572DBB8C2523506AA64F9F3E62E5CA95E3060C1870CFAC59B3BE2347DC87631DC8BF912347F6DBBB77EFECD75F7F7DE0E8D1A3679123288B685902000F3675EAD4D1BFFEFAEB9B77DD7597F2F2F2FA5A074CB7932B004ADBA851A3420F1F3E3C4BCAA6C8C8C8CF5E79E59581E40A0896000025E6F5D75F1FB369D3A6D1CF3FFFBCAD7FFFFEEA99679EF1B3DBEDDF3FF2C8231D4BE84FB85427D7D9496AEBD4CC4C2D75EA90CBE7BBE854DF7C4C4F08C043848585F58C8A8A9A3D68D0202F299B7419E575ECD8B1E943870E7DA804CB26D732A5BE4BD9D42997CFBF68AE47D944B00400288FDE7DF7DDB70E1D3A346AC48811B676EDDA19AF75E8D0413DFAE8A3123045F4EEDDFBD212F833A4B2F1AA4E4196D4D6522169AFD363D90448B2DEFD3A35D62944A75E3ABD93476005A01C9016A5D8D8D8AF060F1EEC7DCD35D718AF4919A50326EFF8F8F82F4A286092B269904BD9D4D2523675D3A94F2E65539AF9B81F6513C11200A09C193D7AF4677FFDF5D74B1228B568D122CB7B9D3B77568F3DF65840F5EAD5373DF1C4139794C09FF3974E112E69AB72B430ADD5E998CBFA2BCD75A4BB60B84E5FEA74934E2374DAA82E6CA902504EBCFEFAEB030E1D3AF4A5B428390325A72BAFBC520D1932C408989E7DF6D9074AE0CFD99A4DD9B453395A8AE4BD9339944D9D75FAD87CDED92C9BE4738DD9C29E89A64314AB69D3A65D959C9CFCB22EEC3AC5C6C6D64B4C4CF44D4D4DB5F9FAFAAA6AD5AAA53568D020A956AD5A1B3B74E8F0994E0B6C361BD33F01C51B28CD3A7EFCF8C363C68CB1D5AF5F3FDB753A75EAA4CE9F3F5F6DEEDCB99B424242DA87878747BAF9CF0ACAE6B55897735080B95E8AF93C49395A95A402B2CBF2B8964E61CA71651740390A94646C9274B973B676BB92D75F78E105EF499326CDEFDFBF7FEF2FBEF8624929944D296679642D9B06E65036C9BD3DAE578E56A946F26F96F7B2A96FDFBE8DD3D2D2EED7F5330904A5F55F4E2455CCFF3FC66EB76FD5EFFDEAEDED1D3E67CE9CC3044B403E8585850DF4F2F27A73E7CE9D0D5AB76E6DEBDAB5ABBAF8E28B55CD9A35554040804A494951A74F9FF63974E85075BD4E177D807559BA74E9CC4F3FFDF4B3279E78E269721028BA575F7DF58B93274FF6D395125B9D3A75725DF7D65B6F55FA78BCE8975F7ED9141A1A7AC5BC79F362DDF027A599E719B9EA2ADD5A9C2756E902B8CCE51C9462BE768F5939596EBEEE0CE47AE8F4B69CACD9D240B90B94FAE6152839490BD3B061C37C274E9CF8D58001031E74D30C9ECE80C6B56C92E060B1CADA4A2465D3C76680249FFB5F3665D34833882AB7F47940BA173E9B9191718B0E86FCB25945CAE566FABD667A797F7A7AFA3B21212111FAF90C7DFEF8926009C88174E3A952A5CAF776BBFDB2E0E060636C84B7B7F78547980E982449054E9ADE6540E7B66DDBFCBEFAEAABA75E79E595FED75D775DC8FDF7DFFF2D390A14CE33CF3CF34D4A4ACABDA3468DCA33507292E3507FA6E6A64D9BB6F4EEDDBBD582050B8AFB642F01587DB31221158A304BE5422A24D975A993EE79D5CDCF5AB5245002CA9F214386DC7FE0C0815983070FCE3350B2064C2FBEF8A2DF3BEFBCF38DAEC4DFA72BE3CBDC50365571299B1294A3A529A772262097B2A9DC064A3AE09100E8635D8FEB5A888F07E9CF05E9EF7852074F8FE873C83E8225C062E8D0A14F2525257D70EBADB7FACAD49FD90549B9914253D2F2E5CB2B2D5EBCF8BF5F7CF1C51C5D79EB47CE0205AE8C7CEFEBEB7BE7C89123BDAB56AD5AD00B1EEAD34F3F6DBC75EBD66D03070EBC76E6CC9909C5F8A7A55896529988349F9F52B98F3D8AB1AC1B6B7E76005B1A285FA445C90C94BC5DC728E527600A0B0BF39580A94F9F3EBDE7CF9FBFB498CBA666D9944DD6722B3BCE714E56E5B66CD2F91AE2E5E5F59F8C8C8C1ACED7A42ED7B66D5BD5B1634775E9A597AAEAD5AB2B39AF9C3D7B56252424C834EF6AFDFAF56AF3E6CDD29DDBF9B14EFA735B7460FBB427B632112CA150E47E08FAA0F9400AB2CB2EBBAC48DF255DF65AB66CA9264D9AD477F6ECD9D51F7EF8E17BC861206F3AB809080C0C5CA9D30D23468CF02A68A0640D98A64C99D262F7EEDDBFE8EFECA803A61437FCB9D2C214643E6E9A47A0D4D90CA6E48AAF8C594853B42A01E58ADC705657AC8D16A582064AD68069D8B06101BA7EB0C00D01936BD924AD46D2F41590C37AD255AFADF9F86EE5E82A2C65D3AE721A28DDA303A52F75A0E4ED0C92E4C2F79D77DEA9B2EB9D50A9522523356CD850DD78E38D46E0F4DD77DFA91F7EF841A5A7A7CB2A55EC76FB6C1D3005E88069BA27EDCBCC8687C254D01E8E8F8FFF64CC9831450E949C9A366D2A05AB5CADB87BDAB4699F90CB40BE02A59F1B356A74C3A851A30A1D28393DF5D453AA59B3665756A95265A37CB71BFEE4F7D53F334EBDA92EECCA227CD43FE39C64E63B19A374854E33CDC732456F4BB63E50F60325B9E1AC8C512A6CA0E4243D50C2C2C202FCFCFC246072C7C5D437CD7249BA0687A9EC1B129CAF3532CB2899D8A1ABF93999B5F38DF25436992D4A8B757063044A1200BDF5D65B32B983CA6F376E697192F5E5733246DD497FE7341D3079542F2182251488D9B775EAD0A143FDF27B40E5977CDFB061C3D4C68D1B1F9F3E7DFAEDE43690BDDEBD7B5709080858AD4F50D70D1F3EDC4BC6031695CC583964C8105B93264D5AEB20EC87A0A0A0E2EE79601D732081924CF2E03AD5EECBCAD1A27446395A92D69841969019A726E9F4397B00507649D73B67A094DF314A7931BBE405E872EA2B5D11EF56CC7FF21ACBE3C396B229C5A56C92323155271997B3D65236C93D9B3ED2694A79A9C7797B7BFFC719285D71C5156ACC983159029E8290CFC9E7651B5902A6A97A3B79CC852DBAE1A140AA54A932FFBEFBEE0B2CAE162557D2C2F4C0030FD87EFAE9A785FA690D721CC86AE0C081D56D36DB6F2D5BB6BCECC9279FF4922047489788A79FBE7062C90F3EF820CB9542E977FED8638F5DB0DE471F7D64CC5E3978F060DBB871E36ED627BEFFEA97EF8B888828CA34B8D2BD25BB315009E67B723576B0F95A8019442D3503A56166D0E41463065CBDD90B80B229BBC91C8AAB6C92CAF8F0E1C303274C98B04857C47B1671D2879CCA26E718A6A93A3D6D299BA4FC59692E9FD549FA9DD532DFFFC57CBD5C944D5E5E5ED39D6394A445492E5217B5678274CFD3DBDE089A0E1D3A645417A585492F6FF684FD9A9625E49B4C2BA90F88D6DDBA7573EB7E2363987465B0FAC48913DF24D781AC8192B7B7F7BA6BAFBDF692418306F9585B94A44B44BF7EFDB24CB422AF7DFE79D6869877DE7927CBF366CD9A19B3E24965C4A815E8EF948922AA55AB76479B366DBE29620B93744F599CC37B52D1F93FE5B842EBACA4C8F4BC69E66BD21D668C257D6CAE77983D01287BA4454907460B5D27739072488225A9505B2AECEAE38F3FCEF2F94F3FFD54392FFE881A356A18659AB36C12E62C7995F4E71716B14B5E6E6593B41CDDA01C933938CBA6E966D924AF8D34CBA4C1665A68AE9750D6B791D4E374A064F4DC9173850438450D94AC0193DEF6D67350274FE98E47B0847CD307D4AB03060CA8622DCCDC45FAC1C6C6C60E2A8DFF332424E4352950DCD00D09154871EF47D275422FB677E8D0A1F9534F3DE597DDEC9377DF7D77962BB5724557AEF26DDCB8D178BE65CB16B56FDF3F33BBD6AE5DDB38B1C9805E2B39C65F79E5151FBDBCAB75EBD633D94E00FB7C1E8192DC70F68B9C66BDBBE5965B5483060D329FEB0ABB3A70E04066D9F4D75F7FA91D3B7664CEAEE6E3E32337B257DDBA5DD8E34E5AAC860F1FEEABD70977D318A6B2BEFD828AB0ED9E753E90C91C0ADBF52E27F27DF7DCF3CF26B1DBED4F122CA1C2903B3AEB9DFEF2E2EA7F9C17B97A949292526DEEDCB99D4AE1DF7D43FFAFDFD4AB572F5117C48BA57FB48C1129CBDB272D2D4D2D58B0C0782C37004E4A4ACA92A64E9DAAE2E3E333D7FFF3CF3FD52FBFFCA2D6AC599325492B444C4CEE938ECD9A35CBF8BDDC4C9F3EDDF80DB16DDBB6CCD7A3A2A22AD261E3DC8F4EE893DBECA2EC471228050404FCAA839A068F3FFEB86F6ED3F4BFF8E28B4645C3292E2ECED866A74F9F36BAB358B79DCD66538F3EFA68B6D3FECB55421D30797B797985868585BD5101B6536C51B753499B376F5E818EA9DF7EFB4DAD58B122CB6B5269E558AF708A759F3703A5CFF29ACC61D0A041595A979293938DFD47CAA62953A618DDF0ACE58FCCD299535977D55557F9390326378C612AEB7ED681E7615D3F99A5B75F8782D4E3F4E25679EC9CF9CE1D24C0B55C54EF645EE8235882E7D327CCFB75A09456D07B291545870E1DE4AAF853A5F53FEB8A64A04E3DF449E507FD7FC7E8037E8114CA6E9A29AC48162D5A64DCF7401C397244252626AA55AB5619B3D488871F7E384B53FBF6EDDB8D13D475D75D9725AD5DBBF68293D3E1C3597B3D49372DA974E5B68E5C21745EB11A3A74A83A77EE9CF158BA7BE55639F344D2A5542FFA99FBD101BD1F7D5E90FD4806C94AA0D4BD7BF7BAFAB14F5EC760A3468DD4ADB7DE6A0442D6CAB0AED064A98CC8F84039C65AB46891E377492B95FE9C970EC087EB8ACE700FDF4E1759B6536441B75369983367CE05C79ED5F7DF7FAF962D5B969924509263D7F95CBA41F5EAD52BF3F8E4585715AD6C2AF23E3F6AD4A85067A094D7C5D4FAF5EB1B15E9C0C0C0CCD7A44C7AF3CD378D7396939CAB6EB8E1865CCB2667C0141616E6A5CDAB682D4C7A9BD5D3DBAFBF7EB8416FB7049DA6E7D5E224F538E7A40EB2ADACDD1B8B9374BB74099A7B95F7FCA6DB01F2459F34EFD415AB9A25F99BAD5AB552BB76EDBAA98C64416539E07541D34B571CCFE942E9BFBAA09A131D1DBDB48803E08B85547CF4494BBDF4D24B46A558BA5E494545FA2357A952C5E8EA2015E3CCAB245E5E6AE7CE9D59AEF209FDFFA8CA952B1BAD50D25F5C848787ABD6AD5B1B9F11D2F2242733F94D212D54B56AD5325A34E42AB4B46CC9F2EFBFFF56274F9E342AEF7E7E7EC6BA52A9727E4F05555BA7817A3F1AA8F32949EF470BF57EB424A7FDE8A1871E6AAFDF8F78F0C1072BDF7BEFBDF92EAF070C18605472CF9C71CC8F101B1B6B044FFA77332BC15249918A725EE4843A72E448BFD75E7BEDCD679F7DF6DC471F7DF45E05D84EB52CDBE98C5C28C96D3B95963D7BF6185D2D73A2036C23B8D9BF7FBF71DC39C7B8499920F745913256A68C77E258AFD00ABCCFEB40A5675454D46CEB640E79D16599B11F49AB92906E77D20AE92C9B8C8AA98F8F0A0E0ECED7F7E9DF0D1C366C58C6C48913E7EA80E92137DD87A9AC93A05766C6784C07A4F13A1FBE95FB1D1D3F7E3CC2BAEDF4F6ECEC7C2C1747DD49BE7FDDBA75CEA7F2BB130996E0F1F489F52AB9125D92E4647BE2C489BA65303BFC9C81932E98CE848686CA4C3853FCFDFD23DC7433CF5C49F7B9A0A020D5BC797375FBEDB7AB112346189597679E79466DDAB4C958E7C30F3F544B97663D87C81DBA3B75EAE47AE5C9A8E06CD8B021731C8B045D52E97292CA976C1BE734A132EDA8FCB690CAD3B163C78CCF48B025AF4BD73E09BEAC63DDE4843963C68CCC80AC82AAE2AC9CE8FD2856EF4732D3D22CE77EE40C94060E1CE8DBA54B970295D5D2FAF4FCF3CFAB0913266476A3B2564664AC923EA15E102CE7445A98640CD3983163263EF7DC73A73EF8E0838A347D7765CB768AD3DB6985753B95E61F26DBD6DABD363BCE31217A1F325A9D45FBF6ED8D966739963B77CEAC3F71AC23BB7DFEA4DEE77F74DDE7A545C90C94BC0B721F25299B6412009968C67931C75A3649AB84740DCE6FD924AEBEFAEACAC3870F4FD2E55D450E989C6A488B93A47AF5EA9DD5F9F19D3EA77F26DB4E1FB3ED9D2BE5D56A575432719045FBF29EA9044BC8177D42AC2B855849922B9AFAE00E0809091953964F2ABAA097DA4577A93CE8BF3552077825F6E3F29B3248569FCC8CD6041963A00B48634A56E9EEF0F8E38FAB69D3A6658E677292CA8C54A25C4F4872454FD63D78F06066B0A44F426ADCB87199CDEA323E412ADB52F18A8C8C34BA4FC83A46EDBF4A1523C9D56569919075A4F2B47AF56AE50CB6E5BB74C5BBC42A4F3266AB8CEF4346FCA2F7A310BD0C31F7A3A3FA64574D6F537F5DC92DD48C2A52C1BDF4D24BD5EEDDBBB3BC2EDB5CF6116B4B637EC8F67BF9E597BD274E9CF8F1534F3D1590909050AF02168535ADDB495744F695E4F16E25DDDD641B5ABB2FE5E48F3FFE305A959C638B2EBAE822A32BEE55575D9565BDF27EAC4B0BEAE6CD9BCBC3F15E9ED472DDE775F931E7D0A14323A545A930379C95A05BCA27E93A6EEDAA2917EA1A376E5CE0B249B46BD7AE4A5858589C0E98E6E9F3E112FD37EFABE81B4E9F43E404DF5BE7456FD9765295B306A5EEE4F2FDB50996505182A5C0E2B8F16541C8EFA5A5A5493F8ED1E528AB9AC909A067CF9E25F26332EE48C623899B6EBAC9E85A65ED0EE11C3FE0EAFEFBEF37022309249C56AE5C6974CB912BC9D6ABCB425AAAA4D223A4AB9E5CA5968A92B46A49606575FCF87163FDB973E71AD3BE4A45E9BEFBEECBFCEC279F7C52A0AB8645255D95CAD93E241AEA3CB2DF71C71DB6A27C890CA896E41A60BB6EDF8254726EBFFD76BF254B96FC8752D1A88C5C5A92C7BBD54F3FFD64749993D62539E6EAD6AD9B63392A2D49AEE43897962157E5F95897404D667C2C87C77BB9DAE7F5761F2D93031426507292FDC5D24DCB202D4C0F3CF040A1BF53EFE7351B356A9478F8F0E1BE6CA96C65F68B2DAEE9C273E272DC0794F78C235842FE8E302FAFB3BA9255A9240326A9D4797B7BA76B634BF8DFCDEF893643B94C92A24F24FB3B74E8D0A2A4FE50E91E255D65A4C2222D4923478E54BA82FDCF01EE73E121EE0C90A4EB9E955C7D966E79327B9ACC4C24379773920A9973DC828C75924A91EC0BF2D83A1DAC54A8A48224EF3FF4D04317549464DD92AC3C89CB2FBF5C2A50AF97C26153E80A9BDE8FA2CF9C395363EDDAB5DED75F7F7DA1E7EAFFCF7F2E8C69644C9A0CFC978A7641C9F4BEFFFBDFFFCE0506063E9B9C9CDCD8438AB7FC6CA70C5D91CBD0DBC5C7F578D715B416A5F147EBED60B428CBA07999A841C62C66C73AF5B2F3E289BC26C1960434F3E7CF37BA647AC2B17EF3CD371B015D291DEF9EB6CFE75436EDD78179784444C4CBEDDAB5F32AEC0CB912605BC7519AF50CB564C99242954D426FF763478E1CA92CE3893DBC65293FDB4F32D696539D452EB4BA3360B24E26A41CF7A9225882E7D385CFB1848484E672622E297230EB9374F28C1933C694E4FF1A1212926341A40BE0749D17CEE9C8BCF4F304FD7CA514CEFEFEFECBA43FF7A38F3E6A2FC9BF57EEC02D5D17A40B4C93264D8C8A9074A5938A91548C8D12D2D2D54182A2962D5BAAE5CB971B0193736622594AF71C197B70EDB5D7662D2874D0E5AC7459AF364BB25E6D96604B928C97C98D745DB2DE0FC89DE46F0C0F0F1F53D2C74C1EFB91DDE69CAECEF1FC82FD48C62C7DF8E187113AB8F5D6F95DE0697D659632B355ED82E3EAE8D1A3174CFA9117D9CEE3C78F4FF7F5F57DF2F3CF3F9FE929655B1EDB29CD0C90BCF4B24C1CEF428E75E97EEBBCB22F932BECDDBB575D76D96599EBC8A0F9AD5BB7664EB820A48B9A90D7E43DF91E6991B61E8FE5F958972E8392272FBDF4D2188542EDF3D91C0317ECF3F2FA2BAFBCB26DF2E4C9F39E7BEEB90277C5938B2ED20DD475B644997444F6B182964DCE40E99D77DE09D4DF19EAE9639672DA7E2EE7159B6C3B1D80CA958F59E698A51DFAF1A5F2A64C0CE3CE60C965E2995882255408BA10DBA42B5EDE3A586A5252BF2933BA55AA54694F19F8F7E572AC9F19344AA0244D335200CDD701C64A7DF228D5BB764B5024F751927103CE8A8BCC5625D389CB955669757AFFFDF733D777CE82232D2E72355A3E2B74616A045752297225DDF3B2BBDA2C1536E99A9517E9AE23631E9C640289C27605F3908B0FB6BCF6A3B973E76EEDD3A74FA759B36645C8F382044C52E990716B39DD2347C69ECC9E3DDBB8829B9FABFF52E11D3B766CAAAE480F9B366DDA4C4FDE36BA8291AA378FBFB99D7CCADAF12E5E7BED35F5F6DB6F673E7FF5D557558F1E3D8CABF2CEEE7872E1449274AF9560458E59E7B4DFB2DD4F9D3A65CC5EE7EC36C7B10E8B3CF7F971E3C67D3564C8907353A64C59A897DEF96D6192B249261CB27601B7B630C97E291385E4B76C123AB83AF6EEBBEF4AA0D4B7A24DEEA0F34E5ABDBD2CE79558FD7CB10E9216C5C4C4ACB4CE86A783ACADCE604966C82CEE1BD25A59CB006D2BC1122A047DF0FDF2DB6FBFB594BB7097147330F2B232F0EFFB99278F853A7DA72B0E4B4B7B162C2BA9C8C8440E72D76C990D4F5A99647A5FB97227F759FAEF7FFFABBEF9E61B636634EB155E39B9C95563C96719909DDBCD6825F872B25E6D762557AA6586237330A971E550AE604BE0F6F4D34F1BAD1A422A6D7295BB287DDECB712524DFFB913EF1EF949B0EEAC06695CE579BAE1057CECF8FC8441FCE99A6845C7197D604695112F29EBCB670E142E37E38B9916D3666CC98B3BA92F3A2AEC44CAD00950FFFB27CBCEBA0D518A778C9259764BE2601D21B6FBCA1AEBFFE7AA32B6EEFDEBD338F4F3956E538942E4E12F8C8E42E1244C9FE90DD7D9038D62B748054A07DFEBDF7DE5BAC03A55E7AB930BFB3E27DFDF5D759BA68C9FE28BD23A46C9269C4852CBFFAEA2B3570E0C03CBF6FCF9E3DD193274F0EA888819259379340494EDE8BE594A1B7DDDA9CB69DD4E374F966DC2F42C65A5A67C22C6ECEFB3E9A7E21584285E0E3E3B35857AA5F95AB42257563DADF7FFF3DE5E4C993D34AB11092AB6911BA92E19C3235A1AC6E1FA9CCFCFBDFFF362A3032FB995CB573DE9056AE1C4BC548C62858C726B338454D00002000494441540819982EEB4A2B444444448EE31EACE44426335F657795592A6332C85ABA04392B587205DC796559EEE922570DA515CB9D57B5CAD8C9AC48FB517878B8DC2CF2161DD8AC494C4C4CD115E55AB9AD2F41AF6C4BEB58002163D0E4A6A1CE204ABABB484557BA52E5348DACB428E9FDEA8CAEF88ED701DB54B653E991161BB9779604227231C4950435726CC9A07967A533B316AC8F710962E41E6CDF7DF79DF15A7EBA5473AC5336E527607AF6D9677BEB73C8FCE79E7BCE37B78049CA2669B5B4064BD2FD5B5A465F7EF96563BCACF3028DDC205D2ECEE636C5B574BD9B3871E245FAFFA88881928CC992DB4DCCD0F9BA353FF77F937A9CAEC34D9687DBB66D33F2DB1D37A6952E789B366DB28E995A58EE2FA2515C20BFE45E0BFA445DEFE69B6FBED2DDBF25E32D74E1BB73FAF4E95796F4FFA92BA6AFD96CB6487DF25858982BCA3FFEF8A3BD245BE0AC9C5790DD49BAFD59C7419475723F99A2CE2A571AFB5136DFD74C6FDBFFDD7AEBAD951E79E491FA395DB4080B0BCBEC6E25A435515A8F640C80DC776BF2E4C9465718212D12D2D5455A2B5CBF4F2A342FBDF4D2591D802FD215E647CBD2CD5839DE4BA67C286FC77A691EEF15699FCF4E70707097808080EF9E7FFE79BF9C0226B96023DDC29DDD83A5EC79E2892754C78E1D8D1E0ED2FBC1D95229FB9DDCE2402EFA6557D639C728E98703E6CD9BB7B8826DBF201D20AD294C992CF5381D5C7691C7D21BA56FDFE29F38506E6E2D5D824D6BF4F39BCB7B9ED3B28482F868C68C19136FBCF1C6345D78B975DFD10578E2993367DE2E8D7F521FD863CBEB067277A0E43C89A1E4F723B385E9F69F7FFEF97FA74F9F3EF1DC73CFD571AD44C8555BE93AE52457FCADF72D91893BA4FB9673E20769AD902BB72B56AC503215B093B428E88A4DA2FE9DE59E1C2895F7E3DDDDE503C73AFB7C7E7DF5D5572B7545BCC7942953BE193C7870806BC024B327CA451CEB384AE9FE2D819290B17272DF2F99DC41827A09D4A515DCB56C1215798C92B9FD228A528FD3C908967EF8E107A3F5AE385B7E65ACF9B7DF7E9BD9AAA483F24F3CA2ECA4D8407EC9D59BD4D4D4439F7DF6D9AFEEFC1D7D00A7C6C6C6EED195BE70721DC81A30E940E6A60D1B36483FFD23CE1622215D1F64AC92F535E97EE53A26C93A2645C840DF2FBEF822B30B8C5CD97DEDB5D7E2636262BE3D78F0E0439E1C280128D63AC2325D4778E0BDF7DE4B916E5ED6B2E9A38F3ECA328E5248AB92D5934F3E99651C9D9449D6B249488B92044AFA619F8A182815473D4E2F8C604BCE157A5B658E2F2C2AE98DF0FEFBEFA7EB6DE86CD95DE329F5385A9650508FFCFCF3CF6B6FBCF1C6FD6DDAB429F6FB8BC8380A5D00A6E80AE1C354D2800B2D58B02066E0C0819D376FDEBC6CECD8B1DE3AB031BAE4C91DD3F58930CFCFCB74B139AD2727CF091326C41D3E7CF8D7A3478F0EE4180450D080293838F8DE4993267D3B64C810A38529BF659374CBCB6D3D678B92044AF23BE476E1EB713A6DD0A9B64CACA1B7951A366C5891A612974049075EF623478E38BB3B24D96CB6C73DE51C42CB120A44AE6C6764640C79EBADB7FC6262620E16E777CB60F237DE7823E1DCB973837441B89BDC06B22703B1FDFDFD83F6ECD9B37DDCB871475D07F417D6FBEFBF7F6CEFDEBDDBFDFCFC82099400148674C94B4D4DBD575A98366DDA945E1CDF2981D2E4C993FDA4EB1D8152D1EB7176BB7DB07E6894F172DF2B194F265DE80A433E376AD4A8F41D3B76648E15D481D2D39E548F23584281CD9F3F3F3C3D3D7DE4B061C3BC76EEDCF967717CE7C18307D35F7EF9E5B8A4A4A4B7F501F625B90CE41930A5E8A0A6C71F7FFCB179E4C891479D03A30B6BC68C1987B76CD9F2A78F8FCF5D6569AA6C00E53A604A2D6AC0E4EC7AA7EB1DFDE97A577CF538BD78DC1930490BD3881123D49C39735C6F289B23594F2673D075376B8B92CCB238C2D3EA71DEEC32280C1D246D6DDDBA75F4EAD5AB7B9D387162F535D75CD3D8CBCBAB50DD3A972C5912FDE1871F9ED705EB8BFA00FEB0BCE74DFFFEFDC7C8C055940DD2B573F6ECD9AF7BE2FFB675EBD6B40E1D3A7C13171777F5BA75EBEA76EEDCB9B20E760AFC3D53A74E3DF0CB2FBF1CF3F5F5BD47074A49EC351CEF1CEF28AA5DBB764977FDCDEBD7AFEFD9A2450BAFFAF5EB17F802BDB4284D9A34C9E87AA72BE6DF93ABC55B8FD3DB67AF7ED8C566B305C8ED2664F21F9928C8396BA174F1968961E41600D2D54E7A00C96CC58B172F965B0364E86D6CD39F73B628C9B9E3494FA8C7B962CC128A746522242464AD0E98A6FDFAEBAF918F3FFEF8515D59BB25BFFB95AEE8C57DF2C927F109090931FA40FD972E08E97A071490D90A14DAA74F9F69C3860DBB77FCF8F1F50AD2F77CD6AC597BF5319CAC4F8CB7CF9D3B97400940B1912E73A1A1A13D274E9CB870E8D0A1BED75E7B6DBEA758B44EE640D73BF7D6E3741D6C9A734A7119BB2A37929694076BF0BB46C62879EA100A5A9650D42B13093ACD6ED3A6CDB14D9B365DFBF5D75FFBEB20685B4646C6217F7F7FBBAFAF6FBA4E95525252D24E9E3C797CD7AE5DD1FAE0DC3F6DDA34DBAA55ABF6E9D7DF8B89897961E9D2A5C73D254FB8D25CB654942BCDFAD8FAB6458B1657FCFCF3CF2D6EB8E18680CA952BE72B505ABE7CB9545E3AE9E33281BD85E39DE31D6EA827EC6BD5AAD57A2D588E95860D1BE659F774DE4749C628D1A25432F5B8B66DDBEED2018FDCA5B689CAFF309D353A8DD6F5B8619E548F7345CB128A852ECCE40ECD0BFBF6EDDBF8EFBFFFEEB56FDFBE9BF4F3C63A396B6C6966FA4BA75F645D196448CE01C547073C8F878484A48C1831A2EFD8B1636BD4AF5F3FC775BFFEFAEB5D3A50AA6DB7DBAFD7C7622CB907C05D640C537070F0FDEFBEFBEE3743870E3DDFA143871CAFE6ECD9B3277AE2C48917E9877D19A3543AF5381DA4F6D2E7869B74F0F47F7A69BD1A744462D98A568F235842B19A3367CE61BD78CF4C004AFE843758074CBB5E79E59537C68D1B2701D3055771972E5DBA63E1C285D5F489B0DBBC79F322C93500251130858686F69E3C79F2A261C386255E73CD35D55CD73167BD93F1337DCD7B02A114EB71FA5C12A4973F3BDF93211315B14B24B3E10180E7054C1FA7A4A40C1D3E7C78F2FEFDFBB3CC44151111B165EEDCB90DD3D2D2BAE8E556720B4049918AB62E7B7A4C9A34C9B661C38644EB7BD659EF0894CA8C47AD4F7410FB5845CC04822500F0CC4AC997E7CF9F1F3C7AF4E8D43FFEF8C3089856AE5CB9F5D34F3F6DA84F78DD162C58B08F5C0250D2A48549074C0FBEF7DE7BB6F5EBD7C73B0325E71825BADE95B83E3A59BBDA49AFB309E6E3BB5CD60DEADDBB7715F3F1B28A1247D00D0FEE74B94E7574FAD5F2DA10F30073CE98D251A71B14DDF68062171E1E3E3334343461DCB871B3EBD4A99376ECD8B1A63A507A50BFBE91DC01509A01537070B0044CDF346AD428F1C891239575A0144AA0542A6ED669BEE5B98C2FAFA4CF1DDDF4F9A2B6E575B9E856FBD4A9530FEBA54CBA714EA78B2DEF3FA1D3449DE23D2D83685942711C64DDCD03E455F3F1833A4981776936FB583B4BA024EED36901D908B8877467D1959025313131D5E504A703A508720540590898F462C9E1C38765ECD21202A552D15EA7CF95E3E2F63D66927A5CB3B8B8B8A75DD635EEA754B366CD1BF5E2A04E67CCA5A414B30E18EF899944CB128A6AB5B9ACA553B44E52F84913ED6DE69507A7463A5DAD1C33E41907A2D4E3CCCFC8EC2ADD743AA9D306B214285E76BB7D9F750900944D159E9F592F9BA31CDDEEDED2E998BCE1E5E5754F8D1A35FABBACEF656EAB9E952A555A74F6ECD986667D4E0CD42944A70C4FCC285A96501207A3320322290CC3758A508E79FC2798AF7537F7C519CA717503000000EE13A093043C23745AA41C17AC65FC52F7264D9A484F84CAD904B719369B2DB0478F1EF2F4A8725C1497B4C953032541CB128AA2B54E2DCC03A49D1900F999076033330892236A8C72B42075310F486975FACDFC6CAA728C6992BEAFA7948736E10200009421321BE16766FD6DB5597FFB415EBFE1861B1ED281D1051FD08192D1C872E2C48991CAD1F5EE11E5688DBAC193338A600945F1879984B40839276EB076C3B376C5AB63064D7250BD6D1E60F5CC204A9907ECAF642B000080DB7DA9D337CA317E5C865184797B7BAF4F4B4BBB472F73FC50F5EAD5DB0606062E4D4E4E3E67D6F37EF7E44CA21B1E8A4B1B9575E286EC480BD44D3AD5558E2B1A1260C55B82AA16642300004089E8AAD387963A5874CF9E3D9375A074518E15B98C8C741F1F1FBF060D1AC84C792B741AAF5332C11290BB1ACAD177352FAFEB74AD724C35F97F641B000040A9A865D6CB5ED22948A79DF2DAE9D3A707E71A38787919FDF39A6B7A7142A74F95A3FB9E74CD6B40B004644FE6D67F3B1FEB49373C193078BFFAA7EB9D4C41D9DD4C740B050AAF11590080B209F924133ACC37EB6F2BCDD70E57AB56EDD63C3E67D4D56AD4A8512F2828481EEFD7E96EF33BA23D31A3A89CA228E4AA84DC54F67DE518E8E72401D19E6C022519ABF496F95C96D24756A60A7776DFA31B1E90BB4A3A6D344F72527EBF282737E5985C259C4A0900CA2614C076EB93E0E0E043369BAD6ABE02081F1FBF7AF5EAF532B7EF59E5C1E396089650D4AB12DF67F3BA4CDCF081CB6BD254FB5F97D75C9F7F489602D9EAACD3649DAE518E96D9FDE6C50559CADDD6E5A68091641300CA2614960E943A1470FD9615215F089600A0EC5BA71CDD1C9E309F57322B247BC81A00944D280EF3E7CF97C91AC65B5F0B090919A317A3757A3D3C3C7C4C45CC17C62C01C52F352323835C2803CCED50DE37C6E73AF5361FCB40DA6DCA7193E7236CE1327012F5F2B273BC9799E35D5A31D2C809CA2680600928DB369C3A752A866C287D494949CACFCF2FAA9CFF1B72D3BF489D7ED4A9A9728C1574A6969654872D5EF20202028E9F3E7D9A8C2803E2E3E36536AFADE404651340B004946D11B1B1B107C986D2979828B7F352CB3DE05F91BBABB7578EE95D2F558E7B5AEC32977EE6B22D5BBCE4F9FAFAAE3975EA14195106C4C4C4C8011F414E503601044B401966B7DB171D3B76EC62BD4C21374AD7D1A34713CF9D3B37D343FE1DE947DE43A755CA31B98AF4FD92A0BC8DB93CC7162F7929292913A2A3A3CFEBE39DCC285D91717171EDF472115941D904102C0165D89D77DEB935232363FBBE7DFB7E27374ACF9123475275A0B4ED8E3BEE585BCEFF9550E598665FA6E20D518E99A7E446D049CA311DEF373A5DCE162F1DB7DC72CB7A1D286DD7813999518A76EEDCF9A3DE0E473DE078A76C02089600CFA783A5A1D1D1D1ADE3E3E3FF24374ADE993367D481030752D2D2D29EF1807F679E5956CF568E2BB45B74BA5A27B971E0BF94E31E6733D8EAA5272525A55F6464E459B3DB274A584242C292B8B8B87BA5DC2537289B008225A01CE8DAB5EB6E9BCDD66FE7CE9DFEE6A063945CA094BE7DFBF658BBDDDE4F6F074FC9FBC53A3DACD3AB3ADDA21CF728939B093A8341B9AF5937B67EE91DEFBAA2DE63D7AE5DA708984A3E50DAB163C795BABC7DDC838E77CA26806009F07C5DBA7459A9174FEA1379FDDDBB77FF5757DE93C815F78A8A8ADABB79F3E684B4B4B44774FE2FF5C07FF14D9D82CDC7FB74AA673E5EA0D332F680D23DDEF57ED76BDBB66D897A3F8C630C93DB45EEDCB973DAF6EDDB3BEAC7CF7BE8F14ED904102C019E5F81CAC8C8B8F9F8F1E37E6BD6AC89D727F7C5274E9CF8253D3DFD6459FEBBF7EFDFAFC68F1FAFFEFEFBEF329DBF727F9B848484FD7BF7EEFDF5B7DF7E8BD4A274DE067978C5697F0EAF37E5882BFDE35DEF7F1DF57EB8F1F7DF7F3FA1F7CB2DF1F1F131DC87A9D88EF783274F9EFC6ED7AE5DF356AF5E7D362E2EAEB97EED0E0225CA26C09D7CC802C0BDA48B8E5EDCB562C58AF6FAE4DE53A720FDBC7259FE9BBFFEFA6BB967897AEFBDF754EFDEBDCBF29F2A37A08CD34926D358E4C183BBA54BCB7FCCC737E874D87C2C17BC0E9A959199CA315600A57FBC7795E33D3A3ABAA74E72BC57D72980DC29329934E0844E3216F4032673A06C020896000F22B3E4A97270C3C481030706A4A4A4C8BD318CFB14CD99332770E6CC994C835EBAAC15EDC66690289A99151249516413C73B40D904102C0170231D285D6F7D9E9A9A1AA4E8735EDA165B1EAF372B20E238590380B209701FC62C017035C0FAC46EB73F469600000082250050AA8BCBF35B7BF7EE5D856C29557574AA62A6AA393C0600CA26A098D10D0F40A6D0D0D06E76BB5DFA9DCBBCC736F3E55ADEDEDE729F8C85E450A919AB53259D729B562D8D6C0240D904102C0170938C8C8CAE369B1123D95CDEEA41B054AAEED0A9BB4E5B946326C57D640900CA26C0FDE88607C010141424174F06E6F0F603324B1EB9542AA422D252A7A3E652B6D348F3B135D523AB00503601044B00DCA0418306D7DB6C36B91F4C76DD292AA7A6A67623974A4576D3EEEE518EB102567B75F223BB00503601044B008A9965D63B5B0EEFF720974AC54E9D769B699FB99CAFD35CCBEB9242743A477601A06C020896001423B30B5E973C8225E98A579DDC2A55872C8F435CDEFB9EEC0140D904102C01286675EBD60D528EBBAFE738A391CD66BB283939B913B9556A525C9EFF4A9600A06C02089600B8BB20F0F2EA919F3241074C03C82D000040B004A02209C9CF4A76BBFD0EB3CB1E000000C11200CF161C1C2C63956AE7675DE98A57AF5EBD5EE41A0000205802E0F17400D4A180EBB724D70000404540771AA0829B3F7FFE78BD186F7D2D2424648C5E8CD6E9F5F0F0F031E4120000A8886859020000000082250000000020580200000000822500000000205802000000008225000000002058020000000082250000000020580200000000822500000000205802000000008225000000002058020000000082250000000000C11200000000102C0100000000C11200000000102C0100000000C11200000000102C0100000000C11200000000102C0100000000C11200000000102C0100000000C11200000000102C0100000000C11200000000102C01000000000896000000008060090000000008960000000080600900000000DCC9872C0000A064D9EDF68003070E0C4A4A4AEA77F6ECD92BCE9C39139091915161F3C366B3D9FDFDFD4FFAF9F9AD3F7FFEFCC44E9D3AFDCC5E0280600900800A4607494F6DDCB871524A4A4AA5FAF5EB2B4955AB56555E5E15B7B3870E146D3A70AC9D9898D83D2626A6CBAA55ABFE4C4E4EEED7B56BD79DEC31004A13DDF0000028215151518B0F1E3C38B556AD5A95FEEFFFFE4F3569D2445D74D145153A50322A23FAFFAF56AD9A6ADCB8B1EAD0A183DFC5175FDC4E5A997EFAE9A71EEC350008960000A80081924E3DDAB469A31A356A245DCFC8941C346CD850B56BD72E500751B357AE5C790F390280600900000F255DEFF6EFDFDFE38A2BAE305A505CA5261D5387B7CE567B7EFEB7FAEBA7312A6AF3E72A25F14885CEB3CA952BABABAEBAAAAA0E2A672F5FBEBC2D7B1100822500003C8C4CE6101B1B3B49BADCE514281DDAFC994A8AFD4B65A49F53F68C347536EE6F15B5690601930E989A356B96E1EDEDFD017B1200822500003C8CCC7A27933948D7B2ECC41D5CADD2CE9DB9E075099C620F4454F8FC6BDCB8714D1F1F9FCB7EFCF1C7EBD99B00102C0100E041647A7099F12EA7314AC9B9B41E49AB1394AA5BB76E8C5EF4242700102C0100E041E43E4A32E35D4EECE9E773FEB03D830CD46AD7AEDD482F82C80900258DFB2C0100E04672C359B98F120A4FE75F03BDA8434E002869B42C0100E04619191915FE3E4A45AEAC38F28F0BBC0008960000A8487C036BE4F89E8F3F2D520040B00400400555B3C98DCAC7AFF205AF7BFB06AA9A4D3B91410040B0040040C554A54E2B55B9F615D9BE5EB56E1B32080008960000A8B8D2CF275FF05A5AEA6932060008960000A898CE9D39A1A236CD504927FEBCE0BD3327F7AAA88DD38C750000044B00005418A78E6ED681D2747536FE408EEB9C4D38A822D74F55F151BF293BF75C028012C7349C0000942069293AB6E77BA3E5283F32D2CF19EB9F3EF1A7AA7B79771560DC720800501268590200A004494B517E03252B69813AB8E11332100008960000F04CD2525458F68C343210004A10DDF0000028412DBB8C251300A09CA065090000000008960000000080600900000000089600000000806009000000000896000000008060090000000008960000000080600900000000CA111FB20000809C858484BC66B3D9764647472F8D8888482347CA97E0E0E02E5E5E5ED78787878F253700102C010050BCDEB0DBEDAA5EBD7AC93A70FA41074ED3D2D2D2D62C58B020A924FF8873E7CEA943870EA94B2EB94465646418AFE92020CB3A898989AA5AB56A595E9B3E7DBAEADEBDBB6AD8B0A1F17CE2C489AA7FFFFEAA6EDDBAB9FEDEDAB56B554C4C8CBAFFFEFBB37D5FDEAB52A58A91AC5E7AE925F5F6DB6F97DAC60A0A0AF2D1FF5B90B7B7F7033A9F1ED6DBABAAF916C1120082250000DC4157BA03F5E2411D383DA82BE249A1A1A13FE8E79FF9FBFB47CC9C3933C5DDBFEFE7E767043E3D7BF654EDDBB797162FF5AF7FFD4B7DFFFDF7AA63C78EAA56AD5A6AF2E4C96AF9F2E5C6FAAB56AD52CD9A3553EBD6AD539D3B7756B366CD52D75F7FBDDAB56B97AA54A9924A4A4A524B962C517DFBF6CDF6F7121212D4F9F3E773FC7B6AD7AEADEEBAEB2EF5E38F3FAA356BD618DF27366DDAA4962D5BA67440A97EFDF557F5D65B6F954880D4A04183EBF5C3A7748074A7DE567524C0D54B765C00044B000094B02ABA32DE5B2F7BA7A4A4A4EAC0E91BFD78BEBBBBEA3DFFFCF3EAC48913CAC7C747356AD44875EBD64D7DFBEDB7C6525A991A376E9CB96EBD7AF5D4F6EDDB8DF5FFFAEB2F239891D6A9FAF5EBABAD5BB7AA37DE78438D1C39529D3C79D208B4C480010394FE5F8CC71B376E54C9C9C9AA6A5547C38C0462B367CFCE6C9192BFA14F9F3EC6E30E1D3AA8808000E3F19C39738CBF470228F90D77D27F6B37BD1DEED20F1FD3CBCA6650CBDE09806009008032C25F57D443F432440722D2E2F4937E3CD51D2D4EA74E9D52575E7965E6F3C58B17AB23478E18AD47CD9B37CFB2EE8103078C80A669D3A6EACE3BEF5453A74E557BF6EC315A99AEBBEE3A23B0EAD4A95396CF48F73E09749C4E9F3E9DF95C8220D7AE7BD2BAE5B468D12255B97265A50346A36549C4C6C61AC1597119387060800E4EA505E9519DEED2F95E9BDD0F00C11200A0388CB6566EE116D2E2749F5EDEA72BF5124C1C90969DA23A7EFCB8318668CA9429EAF3CF3F37021DF95E694D92161D69317206284ED26DEFECD9B32A2222C2483266E98E3BEE303E23C1D3FBEFBF9FEDEF38BFC7B56549C62839FDFDF7DF466BD5E8D1A38D962DE98A57A74E1DE3BD76EDDA65AE2763975E7BEDB5CC96ABC2DABF7FBF118CE93C4D2EEC77E86D3186DDB3EC9549640108960000544E2AAEE6EBD7AF37C6191585B4E8DC77DF7DC6182367573B094E640C92BC2E81934CC4F0D8638F657EE6B6DB6E5363C78E55AD5AB532022419ABD4BB776FF5E9A79F1AC1D2CC9933D5881123B2B416C9E3DC5A969C64920949F3E6CD335A8E1E7EF861F5F1C71F1B63A4242013D20570D4A851AA468D1A45CEC4050B161863A8D8F701102C01008ADB4CB2C0ED956CBB4E32459DB7F5459BCDB6BF43870E2DDC7202F7F131C61C3DF0C003EAC30F3F345A9C9CA48568F3E6CDEA85175E505F7EF9A54C8060B44049ABD1430F3D64AC23B3E2BDFAEAABC6B8A2E2E82A275D011F7DF4D1CCE7F3E7CF2F9640494890F7DE7BEF19DD105DA49B4BEF7C7CCDEBECCA945100C11200208BF0F0F048BD18434E144E4848488EC192DD6E4FD7019154D46556016FFD3C413F5FA9D31C7F7FFF653266490710F6E2FE9BA48BDC35D75C634CA2202D3FD2E2E4EC06279C2D442B56AC502D5AB43066C693162EE91A28DDF3C42DB7DC628C59723E17D6F146AEDDF02400CB8E8C73DAB16387D10A25BFE1141F1F5F6CFFAFFC0FBD7AF592D6AD40FD3775D1F9DB55BF2C739A37B6AC96E6DC0E391C071C03000896000070271D10A5EACABABF3C36032599335B228CF98181812B758094E0AEDF96C0445A8324506ADBB6AD112C454545E5B8BE74B79319F4DE7CF34D635CD3EAD5AB8DA5CC86D7A3478F2C8192F8E28B2F32EFC724ACDDF0E4BB5C9D3973468D1B374EBDFCF2CBC654E1CEE9C38DC825ADF827053427CC582A2928286868FDFAF5EFD7DBA3ABDE0EDDAC8193B98D2470F2638F0540B004004009310325890A16EAF45D4040C0D292B8CF92907B1B3DFDF4D36AEEDCB9C63828099C640CD3471F7D94E367248071DE3856EECF24C18F330092D622EB98256BA0E4CAF506B842267990EE71D225502671B08E77927146EE644ED1BED04CD20218A4173238AC9BDE4697B2A70220580200A08448173BA9A3EBA06196392D784249FF0DEFBCF38E3125F8DD77DF6D3C774EF620E39364A63C09869CE466B512E0C8D4E1D2B54EBAD8C94D669DDDEC645288DDBB771BAD4ED991562C49B9D9B0618371835B2B09C064A6BDE29805B020C2C3C32364FBC8E33E7DFAC8F4E28FB9B6380100C1120000C56BA4AE74470604042C2CA916A4DCB8DE4F49C84D6167CD9A95E5B5EEDDBB1B4B6B6B4F4174E9D2E5826E7AAEAC81D2279F7C622CA5A52AA700ACA4CC9F3F7FAD5EAC65D70540B00400801B8587878FAD88FF775E81D205150A1FAA14003C8F17590000000000044B0000000040B00400000000044B0000000040B00400000000044B0000000040B00400000000044B0000000040B00400000000044B0000000040B00400000000044B0000000040B00400000000044B0000000000822500000000205802000000008225000000002058020000000082250000000020580200A0FC9F68BDBCEC191919644411E8FC3BA81769E40400822500003C484040C0F1D3A74F931145101F1FBF532FB692130008960000F020BEBEBE6B4E9D3A454614414C4C4CA25E4490130008960000F02029292913A2A3A3CFDBED7632A37022E3E2E2DAE9E522B20200C11200001EE4965B6E59AF03A5ED478F1E25330A61E7CE9D3FEAFC3B7AC71D77AC253700102C0100E061525252FA4546469E4D4C4C24330A20212161495C5CDCBD19191943C90D00044B000078A0AE5DBBEED615FE1EBB76ED3A45C094FF4069C78E1D57DA6CB6C775FEED244700102C0100E0A1BA74E9B2322D2DADD7B66DDB12A3A2A2E218C394A3C89D3B774EDBBE7D7B47FDF8799D6F4BC91200044B0000548080293D3DBD636464E4C6DF7FFFFDC4DEBD7BB7C4C7C7C794E67D98626363D537DF7C632C4B8BDC47E9E4C993DFEDDAB56BDEEAD5ABCFC6C5C535D7AFDD41A004A0B4F990050000941CE992278B152B56B48F8E8EEEA953907E5E5DA780D2F87B36A5B0D0B500000FEF494441546FDEACB66CD9A20E1E3CA8AEB9E69AD2CA96463A9DD0E94F9D3E60320700044B0000546077DE79A7DC64B5D46FB41A121232462F46EB80E9F5975E7A690C5B0600FE41373C0000000020580200000000822500000000205802000000008225000000002058020000000082250000000020580200000000822500000000205802000000008225000000002058020000000082250000000020580200000000102C0100000000C11200000000148C0F59000000B4D1212121A3AD2F848787DBC81600044B0000C0E385868676B3DBED3F901300903F74C30300A08298376FDE32BD88CFE7EA87C93100044B0000A0C2B0DBED8BF2B9DE32720B00C1120000A848C1D2FC3CDEB7CBD266B3CD21B700102C0100800AA352A54A6BF4E2444EEFEB20492675888D898959436E01205802000015C6CC993353F4E2BBDCD6B1DBED8B232222D2C82D00044B0000A0A299956BE5C0CB6B11590400044B00005438D2C5CE6EB79FCAE1EDC3D1D1D12BC9250020580200A0C2912E76369B6D7676EFC92C7874C10300822500002A2C1D142DCFE1ADFF913B0040B00400408575ECD831B98F52B4CBCBB11919194BC91D0020580200A0C232BBDAB9B62E2D5BB0604112B90300044B000054745966C5B3D96CCC820700044B000020202060ADF5B9BFBF7F04B90200044B00005478E60D6A77CB639BCDB65F3F4F205700806009000068B56BD75E20CBBA75EB86931B0040B0040000B451A346859E3973E6D5BBEEBA4B252626BEFCCA2BAF0C245700806009005031F9E974A74E6FEA542F87F362B71C3E1BA053CB5CBEFB069D1ECCE5FD063A55C9E6F589A591116161613DA3A2A2660F1A34C8AB7FFFFEEAF9E79FF73A76ECD8F4A143873E544ADBA67B3EB65D76F9F7944ED5CC6D17E029DB0700C1120000EE7683191CDD6A567A5F35CF7DFFD1293E9BCAB88F4EF79995EEBEE6EB8374BAC7FC6CEB5C7EAB864EBEB9BC7F42A76FCDC7379BC181A4FF3397F2BB134A2253A445293636F6ABC183077B5F73CD35C66BEDDAB59380C93B3E3EFE8B12089824AF4698DB44FEF7F774AAEA12C0D671F9CC399DDED7A9BD4EB5CCBC92E0A6B34E893A3DA2D3404FD83E00CA0E6FB20080ABB66DDB06E985A45F76EEDC19418EA09CBAD9AC20DBCC4AF2C53A25EB744CA7FA3A3DAC53479DD698EB4B402541C20A9D069841D57EB3022E95E49F75FAD3E537E6E82493245C6656AA2F36832E79FEB172DCC7E88CB96E864EFE3A6DD2E9B8F95D7B75EAAAD3789DEA2AC754DE19EECC94D75F7F7D405454D42C695172064A4EF5EAD553CD9B37F78A8888B8FFA69B6EDAB161C386DD6EFA3352CCED92AA934C57DE48A70D12B399EF55D7E935334FB65A3E27DB2350A7749D2AEBD458A7363AADD2E90A9DA695F7ED03501F285B6859020078AAD53A6DD169A54EDF9B8FD7998F250890D68CB72CEBCB7A179915E4B33ABD6B0656799D47BF37D306F3379CCF8F67F3F9B996C7BD95A3C5A2A1B99496953AEE0E942223233F932E77AE819293B430BDF0C20BDE494949F3FBF7EFDFC3CDDBA89DF9BF5FA91C2D3BD27A7444A7833AD5D669B6B95E1D73BD9DE6366C64064D2966FE753383A78EE579FB0020580200A02449E559BA7B75D1A9AD4ED79A8F9F70A9584B8B8374BBDB6156924F2BC75898EE6625BCA972B43C490055CBF2B9BA2A6B77ADAB2DCFEB5BD6BB5439BAF2492B968C8DE9A3FE69D1D862596F84CBF71767A0D4D719284940949B2BAFBC520D1B364C5AE3BE1A3060C0DD6EDC3EDBCCC06587F97C95B97D8474854C331F4B20758B9987D2B5F20FE5683994CF763683AA7833A051E571FB0020580200A0A44997291987245DAF7C2D8F6579CAB2DE21E5E8B2F5B94ECD94A38BD6A766655C2ACDD2D2719D4E2FE874D2F2B9E32AE7968B18CB7AFB745AAA1C5DBBA295A33B5733F3BD15E6522298D12EDF5F2C860C1972FF8103078CAE7779054AD680E9C5175FF4CBC8C8F8263434B49B9BB64F1D3310AD6B3E3F6BE68B0440CB5CD67D5B39BAC8B530F3C81A087537F3CF55B9D83E0008960000282D9BD485DDF0A445C3DF65BD3BCD4AB75492253878DDAC98BB8BB490ACB424993C22BEB87F445A94121212165A2773C82F0998C2C2C27C7D7C7CBEE9D3A7CF3D6EC8831366207ADCF29A8C3393969D2F5DD68D3703D7AAD90442CE6D5AEEB60F80B2CD872C00007830690568650641D2054BBAD7F99915F20D2EEBFEA4D3109D22956322817566E53C3297EF778E6711D2CD2BD0FC0D513787CFC885CAABCC4A7F479720A1588D1C39B25F6464E42C1D2879153450B2064CC3860D0B983469D2021D30F59E3F7FFED262FC13A565E97EE5E8622781C86E33E891FC49B4AC27DBEC26E5E822F996257FADD38D4BCB4F7479DA3E00CA3E5A9600009E4A2E08D63783A05D3A1D368320792C5DAB1E76593F54395AA1C41EE5E88AF58072B45AE4E421957337AF3BB2595FC63F8D548E890A7CCC0AB93315EB054C09940E1F3E3C2BB7C91CF24BBAEE85858505F8F9F92D28A6162669B11B67D64324CF64ACD22FCA3116A9BB1938597F47267E90AE72372A479749919F96A532BB7D00102C0100509A6472800566255BBA7A9D50FF74FB92160CB96FD24DE6BA7E66FAD5726E7C52A726CAD1C224B29B09ED482EBF9FDD14D37253DB99E6DF76D2A5B27FACB8FE71E97AE70C94F23B46292F6697BC005F5FDFAF8A610C9304ADB72BC77D960E9AAFC9241B72AFA40F757A46A74795632AF08BCDF70FE5516FA95C5EB60F80F283AB2400004F54CB0C84D22CAF553103A2EE96CAB54C24205DB7A46BD60CE518A7D24C395A32AED7E91DCBE7DBE6F19B5E2AEF8B907243D5B32EAFC98D5887AA629A96DA39998374BD73064A090909EAE9A79FBE60DD0F3EF840D5A9F3CFCF9E3D7B563DF6D86317ACF7D1471FA99A356B1A01D3F0E1C303274C98B048074C3DE7CD9BB7AC087FEA39CB63C913E926F99325787A5039C68E1D7209B29C122DDBB5A74E2F29C714E4657AFB00285FB8292D800B70133A7800B9F9EC5FCA71CF2467922E58DB2DCFA5CB97B418C45B2AC8D2556F8E59A996AE58E996EFFCCAE5B9AB4895F72403E72D8F65EC8FB46EC8B8A895E6EF1689B428C5C4C4CC739DCC21202040D5AD5B57FDF1C71FEAFC79C79FE0E5E5A522232355E7CE9DB30445C78F1F5719198E46971A356AA85EBD7A296BEB94DCB8F6924B2EF1FDFDF7DF1F68DDBAF5F65DBB76ED2986ED25792D379F3DE5F2FA3E97E7E12EF9E70CBA24DFDF7709C0CADCF601A80F943F74C30300E042D975D13A97C767CE15F037D28AF30F366F38FB454EB3DEDD72CB2DAA418306FFFC833A203A70E080DAB871A3F1FCAFBFFE523B76ECC80CA67C7C7C54B56AD554B76E17F6B893E069F8F0E1324B5EB89B66C9738752DD3E000896000040293003A5CFF29ACC61D0A041AA52A54A99CF939393D5F4E9D3D5E9D3A7D59429538C6E784EB2DE134F3CA1BCBDB3EF8472D55557F939032637DE8709000896000040E18C1A352AD41928E5359943FDFAF58D96A2C0C0C0CCD724407AF3CD375562E23F337557AD5A55DD70C30DAA458BDC6F332501535858989736AF1CB5300100C11200009E4E072A3DA3A2A2660F1A3428DFB3DE3DF8E083595A97A4DB9DFE8ECCEE7742BAE0050707E7EBFBF4EF060E1B36CCD7DBDB7B2E0113008225000050EAA445E9C48913F3731AA39413E956A73FA32A57FE67A66DBBDD9EF9B87AF5EAEAD1471FCD1250E5E5EAABAFAE3C7CF8701B0113004FC3D4E10072333A2424845C00CA98860D1B261C3A7468924C0F5E981BCE5E71C515C634E0EBD7AFCF9CF94EC80C798D1B37561D3A7428F077B66BD7AE4A585858DC840913E68586862ED101D83EB61450FEEB01044B00404109942B478F1E5577DD75972A4CA0E4D4AF5F3FB56EDDBA2CAF490BD3030F3C50E8EF6CDFBE7DCD468D1A251E3E7CB82F5B0900C112004F35932C00CAAE264D9A9C8E888898D0AE5DBB7C8F55723577EE5C65B3D9B274C19396A5254B96A8D6AD5B17EA3BB76CD972ECC8912395F5F7CEA16509A05EE0096C6C7B0000CA9F575E7925580726F39E7BEEB90277C5937B2A4D9C38512525255DF0DE45175DA4FEF5AF7F15B82B9E044AEFBCF34E60464646DFF9F3E72F650B01F004DE64010000E5CFEAD5AB77DD7AEBADDB57AD5AD5BB79F3E65E322D787EA4A7A7AB7FFFFBDF2A212121F3356961724A4D4D358229FDDDCAD7D7375FDFB971E3C66393264D22500240B0040000CA86B56BD7EE0E0A0ADA1E1111D1BB4993265E0D1A34C8F3338B162D527FFEF967E654E11210C9A40E72BF25E7640F3275B8DC77A97DFBF6797EDF9E3D7BA2C78F1FEFAF3FFB308112008225000050A602A69B6EBA69C7EAD5AB1FD40193776E01534C4C8CFAF4D34F8DC0C8A94A952A6AECD8B1D252A59293938DD7CE9D3BA76263638DB14B356AD4C8F1FBA4EBDD5B6FBD55CD6EB70F080F0FFF2F5B0300C11200002853366CD8B0FB8A2BAEF87DD3A64D214D9B36CD316092714A1204395B90E45E4A323EA9458B164692D9F1D2D2D28CF764E287DDBB77ABDB6EBBCD98F821BB4049C628E9870FCF9B376F315B0100C1120000289376EDDAB5BF75EBD61B75C0D4AB4993263EAE01D39A356BD4AA55AB8C31494E975E7AA9EADBD731CB779D3A75D4810307547474B41128C9D826E98E2737B1BDECB2CBB27C97758C122D4A00089600004099B773E7CE7DAD5AB5DAB47EFDFA5E2D5AB4F0714EFA2093398C1E3D3A739C92D3ABAFBE6A74C3739269C865EA7027E996B76DDB36A375293030D0784D5A942450D20FFBE840E97B721D802763EA7000003C4C707070177F7FFF6F870C191250941BD7BA9216A577DF7DD70894E6CD9BB78C9C06E0E968590200C0C34897BC962D5BAED3C14D7093264D6C0D1B36F42A8E4069F2E4C97E32EB1D2D4A000896000040B90F98366CD8D0BB69D3A65E4509989C5DEF981E1C00C1120000F09880A94D9B369BD7AF5FDFB3458B1672E3DA02074CCEC91C14639400102C0100004F22933E48C0F4FBEFBF3FD8B46953D5B061C37C9FFBAD933930460900C1120000F0C880A955AB56EBB5E0FC064CCEFB2899D383D3A20480600900007826E9922701D3BA75EB640CD3791D30F9E5B4EE9E3D7BA2DF7AEBAD6AFAE1C3DC470900C1120000A8100153DBB66DB7AC5DBBB64FF3E6CD931B3468E0EFBA8E8C511A3F7EBCBFDD6E1F306FDEBCC5E41A0082250000502138BBE4AD5BB72EA4499326A98D1A35CA0C98ACB3DED1A20400044B000054386697BC0DEBD7AF0FB9F8E28BCFEA8029D03A4689E9C101C0C146160000503105070777F1F6F65ED4A953A7C4356BD6542350020082250000600A0D0DED66B7DB7FB0D96C77313D38000000000000000000000000000000000000000000000000000000000000000000000000000000000000000000000000000000000000000000000000000000000000000000000000000000000000000000000000000000000000000000000000000000000000000000000000000000000000000000000000000000000000000000000000000000000000000000000000000000000000000000000000000000000000000000000000000000000000000000000000000000000000000000000000000000000000000000000000000000000000000000000000000000000000000000000000000000000000000000000000009423FF0FD4612BFB1BDA1EDA0000000049454E44AE426082, null);

-- ----------------------------
-- Table structure for act_ge_property
-- ----------------------------
DROP TABLE IF EXISTS `act_ge_property`;
CREATE TABLE `act_ge_property` (
  `NAME_` varchar(64) COLLATE utf8_bin NOT NULL,
  `VALUE_` varchar(300) COLLATE utf8_bin DEFAULT NULL,
  `REV_` int(11) DEFAULT NULL,
  PRIMARY KEY (`NAME_`)
) ENGINE=InnoDB DEFAULT CHARSET=utf8 COLLATE=utf8_bin;

-- ----------------------------
-- Records of act_ge_property
-- ----------------------------
INSERT INTO `act_ge_property` VALUES ('next.dbid', '85001', '35');
INSERT INTO `act_ge_property` VALUES ('schema.history', 'create(5.22.0.0)', '1');
INSERT INTO `act_ge_property` VALUES ('schema.version', '5.22.0.0', '1');

-- ----------------------------
-- Table structure for act_hi_actinst
-- ----------------------------
DROP TABLE IF EXISTS `act_hi_actinst`;
CREATE TABLE `act_hi_actinst` (
  `ID_` varchar(64) COLLATE utf8_bin NOT NULL,
  `PROC_DEF_ID_` varchar(64) COLLATE utf8_bin NOT NULL,
  `PROC_INST_ID_` varchar(64) COLLATE utf8_bin NOT NULL,
  `EXECUTION_ID_` varchar(64) COLLATE utf8_bin NOT NULL,
  `ACT_ID_` varchar(255) COLLATE utf8_bin NOT NULL,
  `TASK_ID_` varchar(64) COLLATE utf8_bin DEFAULT NULL,
  `CALL_PROC_INST_ID_` varchar(64) COLLATE utf8_bin DEFAULT NULL,
  `ACT_NAME_` varchar(255) COLLATE utf8_bin DEFAULT NULL,
  `ACT_TYPE_` varchar(255) COLLATE utf8_bin NOT NULL,
  `ASSIGNEE_` varchar(255) COLLATE utf8_bin DEFAULT NULL,
  `START_TIME_` datetime(3) NOT NULL,
  `END_TIME_` datetime(3) DEFAULT NULL,
  `DURATION_` bigint(20) DEFAULT NULL,
  `TENANT_ID_` varchar(255) COLLATE utf8_bin DEFAULT '',
  PRIMARY KEY (`ID_`),
  KEY `ACT_IDX_HI_ACT_INST_START` (`START_TIME_`),
  KEY `ACT_IDX_HI_ACT_INST_END` (`END_TIME_`),
  KEY `ACT_IDX_HI_ACT_INST_PROCINST` (`PROC_INST_ID_`,`ACT_ID_`),
  KEY `ACT_IDX_HI_ACT_INST_EXEC` (`EXECUTION_ID_`,`ACT_ID_`)
) ENGINE=InnoDB DEFAULT CHARSET=utf8 COLLATE=utf8_bin;

-- ----------------------------
-- Records of act_hi_actinst
-- ----------------------------
INSERT INTO `act_hi_actinst` VALUES ('75008', 'leave:1:75004', '75005', '75005', 'startevent1', null, null, 'Start', 'startEvent', null, '2016-12-30 14:23:11.261', '2016-12-30 14:23:11.289', '28', '');
INSERT INTO `act_hi_actinst` VALUES ('75015', 'leave:1:75004', '75005', '75005', 'deptLeaderAudit', '75016', null, '', 'userTask', '1', '2016-12-30 14:23:11.290', '2016-12-30 14:23:21.837', '10547', '');
INSERT INTO `act_hi_actinst` VALUES ('75020', 'leave:1:75004', '75005', '75005', 'exclusivegateway5', null, null, 'Exclusive Gateway', 'exclusiveGateway', null, '2016-12-30 14:23:21.837', '2016-12-30 14:23:21.856', '19', '');
INSERT INTO `act_hi_actinst` VALUES ('75021', 'leave:1:75004', '75005', '75005', 'hrAudit', '75022', null, '', 'userTask', '17', '2016-12-30 14:23:21.857', '2016-12-30 15:30:33.098', '4031241', '');
INSERT INTO `act_hi_actinst` VALUES ('77504', 'leave:1:75004', '75005', '75005', 'exclusivegateway6', null, null, 'Exclusive Gateway', 'exclusiveGateway', null, '2016-12-30 15:30:33.099', '2016-12-30 15:30:33.123', '24', '');
INSERT INTO `act_hi_actinst` VALUES ('77505', 'leave:1:75004', '75005', '75005', 'reportBack', '77506', null, '', 'userTask', '1', '2016-12-30 15:30:33.124', '2016-12-30 15:30:51.385', '18261', '');
INSERT INTO `act_hi_actinst` VALUES ('77510', 'leave:1:75004', '75005', '75005', 'endevent1', null, null, 'End', 'endEvent', null, '2016-12-30 15:30:51.391', '2016-12-30 15:30:51.392', '1', '');
INSERT INTO `act_hi_actinst` VALUES ('80004', 'leave:1:75004', '80001', '80001', 'startevent1', null, null, 'Start', 'startEvent', null, '2016-12-31 11:35:47.549', '2016-12-31 11:35:47.662', '113', '');
INSERT INTO `act_hi_actinst` VALUES ('80011', 'leave:1:75004', '80001', '80001', 'deptLeaderAudit', '80012', null, '', 'userTask', '1', '2016-12-31 11:35:47.663', '2016-12-31 11:36:35.492', '47829', '');
INSERT INTO `act_hi_actinst` VALUES ('80016', 'leave:1:75004', '80001', '80001', 'exclusivegateway5', null, null, 'Exclusive Gateway', 'exclusiveGateway', null, '2016-12-31 11:36:35.492', '2016-12-31 11:36:35.510', '18', '');
INSERT INTO `act_hi_actinst` VALUES ('80017', 'leave:1:75004', '80001', '80001', 'hrAudit', '80018', null, '', 'userTask', '17', '2016-12-31 11:36:35.511', '2016-12-31 11:37:03.152', '27641', '');
INSERT INTO `act_hi_actinst` VALUES ('80023', 'leave:1:75004', '80001', '80001', 'exclusivegateway6', null, null, 'Exclusive Gateway', 'exclusiveGateway', null, '2016-12-31 11:37:03.153', '2016-12-31 11:37:03.154', '1', '');
INSERT INTO `act_hi_actinst` VALUES ('80024', 'leave:1:75004', '80001', '80001', 'modifyApply', '80025', null, '', 'userTask', '1', '2016-12-31 11:37:03.155', '2016-12-31 11:37:27.680', '24525', '');
INSERT INTO `act_hi_actinst` VALUES ('80031', 'leave:1:75004', '80001', '80001', 'exclusivegateway7', null, null, 'Exclusive Gateway', 'exclusiveGateway', null, '2016-12-31 11:37:27.680', '2016-12-31 11:37:27.681', '1', '');
INSERT INTO `act_hi_actinst` VALUES ('80032', 'leave:1:75004', '80001', '80001', 'deptLeaderAudit', '80033', null, '', 'userTask', '1', '2016-12-31 11:37:27.682', '2016-12-31 11:37:53.731', '26049', '');
INSERT INTO `act_hi_actinst` VALUES ('80036', 'leave:1:75004', '80001', '80001', 'exclusivegateway5', null, null, 'Exclusive Gateway', 'exclusiveGateway', null, '2016-12-31 11:37:53.731', '2016-12-31 11:37:53.732', '1', '');
INSERT INTO `act_hi_actinst` VALUES ('80037', 'leave:1:75004', '80001', '80001', 'hrAudit', '80038', null, '', 'userTask', '17', '2016-12-31 11:37:53.733', null, null, '');

-- ----------------------------
-- Table structure for act_hi_attachment
-- ----------------------------
DROP TABLE IF EXISTS `act_hi_attachment`;
CREATE TABLE `act_hi_attachment` (
  `ID_` varchar(64) COLLATE utf8_bin NOT NULL,
  `REV_` int(11) DEFAULT NULL,
  `USER_ID_` varchar(255) COLLATE utf8_bin DEFAULT NULL,
  `NAME_` varchar(255) COLLATE utf8_bin DEFAULT NULL,
  `DESCRIPTION_` varchar(4000) COLLATE utf8_bin DEFAULT NULL,
  `TYPE_` varchar(255) COLLATE utf8_bin DEFAULT NULL,
  `TASK_ID_` varchar(64) COLLATE utf8_bin DEFAULT NULL,
  `PROC_INST_ID_` varchar(64) COLLATE utf8_bin DEFAULT NULL,
  `URL_` varchar(4000) COLLATE utf8_bin DEFAULT NULL,
  `CONTENT_ID_` varchar(64) COLLATE utf8_bin DEFAULT NULL,
  `TIME_` datetime(3) DEFAULT NULL,
  PRIMARY KEY (`ID_`)
) ENGINE=InnoDB DEFAULT CHARSET=utf8 COLLATE=utf8_bin;

-- ----------------------------
-- Records of act_hi_attachment
-- ----------------------------

-- ----------------------------
-- Table structure for act_hi_comment
-- ----------------------------
DROP TABLE IF EXISTS `act_hi_comment`;
CREATE TABLE `act_hi_comment` (
  `ID_` varchar(64) COLLATE utf8_bin NOT NULL,
  `TYPE_` varchar(255) COLLATE utf8_bin DEFAULT NULL,
  `TIME_` datetime(3) NOT NULL,
  `USER_ID_` varchar(255) COLLATE utf8_bin DEFAULT NULL,
  `TASK_ID_` varchar(64) COLLATE utf8_bin DEFAULT NULL,
  `PROC_INST_ID_` varchar(64) COLLATE utf8_bin DEFAULT NULL,
  `ACTION_` varchar(255) COLLATE utf8_bin DEFAULT NULL,
  `MESSAGE_` varchar(4000) COLLATE utf8_bin DEFAULT NULL,
  `FULL_MSG_` longblob,
  PRIMARY KEY (`ID_`)
) ENGINE=InnoDB DEFAULT CHARSET=utf8 COLLATE=utf8_bin;

-- ----------------------------
-- Records of act_hi_comment
-- ----------------------------

-- ----------------------------
-- Table structure for act_hi_detail
-- ----------------------------
DROP TABLE IF EXISTS `act_hi_detail`;
CREATE TABLE `act_hi_detail` (
  `ID_` varchar(64) COLLATE utf8_bin NOT NULL,
  `TYPE_` varchar(255) COLLATE utf8_bin NOT NULL,
  `PROC_INST_ID_` varchar(64) COLLATE utf8_bin DEFAULT NULL,
  `EXECUTION_ID_` varchar(64) COLLATE utf8_bin DEFAULT NULL,
  `TASK_ID_` varchar(64) COLLATE utf8_bin DEFAULT NULL,
  `ACT_INST_ID_` varchar(64) COLLATE utf8_bin DEFAULT NULL,
  `NAME_` varchar(255) COLLATE utf8_bin NOT NULL,
  `VAR_TYPE_` varchar(255) COLLATE utf8_bin DEFAULT NULL,
  `REV_` int(11) DEFAULT NULL,
  `TIME_` datetime(3) NOT NULL,
  `BYTEARRAY_ID_` varchar(64) COLLATE utf8_bin DEFAULT NULL,
  `DOUBLE_` double DEFAULT NULL,
  `LONG_` bigint(20) DEFAULT NULL,
  `TEXT_` varchar(4000) COLLATE utf8_bin DEFAULT NULL,
  `TEXT2_` varchar(4000) COLLATE utf8_bin DEFAULT NULL,
  PRIMARY KEY (`ID_`),
  KEY `ACT_IDX_HI_DETAIL_PROC_INST` (`PROC_INST_ID_`),
  KEY `ACT_IDX_HI_DETAIL_ACT_INST` (`ACT_INST_ID_`),
  KEY `ACT_IDX_HI_DETAIL_TIME` (`TIME_`),
  KEY `ACT_IDX_HI_DETAIL_NAME` (`NAME_`),
  KEY `ACT_IDX_HI_DETAIL_TASK_ID` (`TASK_ID_`)
) ENGINE=InnoDB DEFAULT CHARSET=utf8 COLLATE=utf8_bin;

-- ----------------------------
-- Records of act_hi_detail
-- ----------------------------
INSERT INTO `act_hi_detail` VALUES ('75009', 'FormProperty', '75005', '75005', null, '75008', 'reason', null, null, '2016-12-30 14:23:11.262', null, null, null, '', null);
INSERT INTO `act_hi_detail` VALUES ('75010', 'FormProperty', '75005', '75005', null, '75008', 'endDate', null, null, '2016-12-30 14:23:11.262', null, null, null, '2016-12-31', null);
INSERT INTO `act_hi_detail` VALUES ('75011', 'FormProperty', '75005', '75005', null, '75008', 'startDate', null, null, '2016-12-30 14:23:11.262', null, null, null, '2016-12-30', null);
INSERT INTO `act_hi_detail` VALUES ('75018', 'FormProperty', '75005', '75005', '75016', '75015', 'deptLeaderApproved', null, null, '2016-12-30 14:23:21.797', null, null, null, 'true', null);
INSERT INTO `act_hi_detail` VALUES ('77502', 'FormProperty', '75005', '75005', '75022', '75021', 'hrApproved', null, null, '2016-12-30 15:30:33.036', null, null, null, 'true', null);
INSERT INTO `act_hi_detail` VALUES ('77507', 'FormProperty', '75005', '75005', '77506', '77505', 'reportBackDate', null, null, '2016-12-30 15:30:51.329', null, null, null, '2016-12-31', null);
INSERT INTO `act_hi_detail` VALUES ('80005', 'FormProperty', '80001', '80001', null, '80004', 'reason', null, null, '2016-12-31 11:35:47.550', null, null, null, '', null);
INSERT INTO `act_hi_detail` VALUES ('80006', 'FormProperty', '80001', '80001', null, '80004', 'endDate', null, null, '2016-12-31 11:35:47.550', null, null, null, '2017-01-31', null);
INSERT INTO `act_hi_detail` VALUES ('80007', 'FormProperty', '80001', '80001', null, '80004', 'startDate', null, null, '2016-12-31 11:35:47.550', null, null, null, '2017-01-01', null);
INSERT INTO `act_hi_detail` VALUES ('80014', 'FormProperty', '80001', '80001', '80012', '80011', 'deptLeaderApproved', null, null, '2016-12-31 11:36:35.431', null, null, null, 'true', null);
INSERT INTO `act_hi_detail` VALUES ('80021', 'FormProperty', '80001', '80001', '80018', '80017', 'hrApproved', null, null, '2016-12-31 11:37:03.132', null, null, null, 'false', null);
INSERT INTO `act_hi_detail` VALUES ('80026', 'FormProperty', '80001', '80001', '80025', '80024', 'reason', null, null, '2016-12-31 11:37:27.635', null, null, null, '', null);
INSERT INTO `act_hi_detail` VALUES ('80027', 'FormProperty', '80001', '80001', '80025', '80024', 'reApply', null, null, '2016-12-31 11:37:27.641', null, null, null, 'true', null);
INSERT INTO `act_hi_detail` VALUES ('80028', 'FormProperty', '80001', '80001', '80025', '80024', 'endDate', null, null, '2016-12-31 11:37:27.641', null, null, null, '2017-01-11', null);
INSERT INTO `act_hi_detail` VALUES ('80029', 'FormProperty', '80001', '80001', '80025', '80024', 'startDate', null, null, '2016-12-31 11:37:27.641', null, null, null, '2017-01-01', null);
INSERT INTO `act_hi_detail` VALUES ('80035', 'FormProperty', '80001', '80001', '80033', '80032', 'deptLeaderApproved', null, null, '2016-12-31 11:37:53.709', null, null, null, 'true', null);

-- ----------------------------
-- Table structure for act_hi_identitylink
-- ----------------------------
DROP TABLE IF EXISTS `act_hi_identitylink`;
CREATE TABLE `act_hi_identitylink` (
  `ID_` varchar(64) COLLATE utf8_bin NOT NULL,
  `GROUP_ID_` varchar(255) COLLATE utf8_bin DEFAULT NULL,
  `TYPE_` varchar(255) COLLATE utf8_bin DEFAULT NULL,
  `USER_ID_` varchar(255) COLLATE utf8_bin DEFAULT NULL,
  `TASK_ID_` varchar(64) COLLATE utf8_bin DEFAULT NULL,
  `PROC_INST_ID_` varchar(64) COLLATE utf8_bin DEFAULT NULL,
  PRIMARY KEY (`ID_`),
  KEY `ACT_IDX_HI_IDENT_LNK_USER` (`USER_ID_`),
  KEY `ACT_IDX_HI_IDENT_LNK_TASK` (`TASK_ID_`),
  KEY `ACT_IDX_HI_IDENT_LNK_PROCINST` (`PROC_INST_ID_`)
) ENGINE=InnoDB DEFAULT CHARSET=utf8 COLLATE=utf8_bin;

-- ----------------------------
-- Records of act_hi_identitylink
-- ----------------------------
INSERT INTO `act_hi_identitylink` VALUES ('75007', null, 'starter', '1', null, '75005');
INSERT INTO `act_hi_identitylink` VALUES ('75017', 'deptLeader', 'candidate', null, '75016', null);
INSERT INTO `act_hi_identitylink` VALUES ('75023', 'hr', 'candidate', null, '75022', null);
INSERT INTO `act_hi_identitylink` VALUES ('77501', null, 'participant', '17', null, '75005');
INSERT INTO `act_hi_identitylink` VALUES ('80003', null, 'starter', '1', null, '80001');
INSERT INTO `act_hi_identitylink` VALUES ('80013', 'deptLeader', 'candidate', null, '80012', null);
INSERT INTO `act_hi_identitylink` VALUES ('80019', 'hr', 'candidate', null, '80018', null);
INSERT INTO `act_hi_identitylink` VALUES ('80020', null, 'participant', '17', null, '80001');
INSERT INTO `act_hi_identitylink` VALUES ('80034', 'deptLeader', 'candidate', null, '80033', null);
INSERT INTO `act_hi_identitylink` VALUES ('80039', 'hr', 'candidate', null, '80038', null);

-- ----------------------------
-- Table structure for act_hi_procinst
-- ----------------------------
DROP TABLE IF EXISTS `act_hi_procinst`;
CREATE TABLE `act_hi_procinst` (
  `ID_` varchar(64) COLLATE utf8_bin NOT NULL,
  `PROC_INST_ID_` varchar(64) COLLATE utf8_bin NOT NULL,
  `BUSINESS_KEY_` varchar(255) COLLATE utf8_bin DEFAULT NULL,
  `PROC_DEF_ID_` varchar(64) COLLATE utf8_bin NOT NULL,
  `START_TIME_` datetime(3) NOT NULL,
  `END_TIME_` datetime(3) DEFAULT NULL,
  `DURATION_` bigint(20) DEFAULT NULL,
  `START_USER_ID_` varchar(255) COLLATE utf8_bin DEFAULT NULL,
  `START_ACT_ID_` varchar(255) COLLATE utf8_bin DEFAULT NULL,
  `END_ACT_ID_` varchar(255) COLLATE utf8_bin DEFAULT NULL,
  `SUPER_PROCESS_INSTANCE_ID_` varchar(64) COLLATE utf8_bin DEFAULT NULL,
  `DELETE_REASON_` varchar(4000) COLLATE utf8_bin DEFAULT NULL,
  `TENANT_ID_` varchar(255) COLLATE utf8_bin DEFAULT '',
  `NAME_` varchar(255) COLLATE utf8_bin DEFAULT NULL,
  PRIMARY KEY (`ID_`),
  UNIQUE KEY `PROC_INST_ID_` (`PROC_INST_ID_`),
  KEY `ACT_IDX_HI_PRO_INST_END` (`END_TIME_`),
  KEY `ACT_IDX_HI_PRO_I_BUSKEY` (`BUSINESS_KEY_`)
) ENGINE=InnoDB DEFAULT CHARSET=utf8 COLLATE=utf8_bin;

-- ----------------------------
-- Records of act_hi_procinst
-- ----------------------------
INSERT INTO `act_hi_procinst` VALUES ('75005', '75005', null, 'leave:1:75004', '2016-12-30 14:23:11.261', '2016-12-30 15:30:51.398', '4060137', '1', 'startevent1', 'endevent1', null, null, '', null);
INSERT INTO `act_hi_procinst` VALUES ('80001', '80001', null, 'leave:1:75004', '2016-12-31 11:35:47.548', null, null, '1', 'startevent1', null, null, null, '', null);

-- ----------------------------
-- Table structure for act_hi_taskinst
-- ----------------------------
DROP TABLE IF EXISTS `act_hi_taskinst`;
CREATE TABLE `act_hi_taskinst` (
  `ID_` varchar(64) COLLATE utf8_bin NOT NULL,
  `PROC_DEF_ID_` varchar(64) COLLATE utf8_bin DEFAULT NULL,
  `TASK_DEF_KEY_` varchar(255) COLLATE utf8_bin DEFAULT NULL,
  `PROC_INST_ID_` varchar(64) COLLATE utf8_bin DEFAULT NULL,
  `EXECUTION_ID_` varchar(64) COLLATE utf8_bin DEFAULT NULL,
  `NAME_` varchar(255) COLLATE utf8_bin DEFAULT NULL,
  `PARENT_TASK_ID_` varchar(64) COLLATE utf8_bin DEFAULT NULL,
  `DESCRIPTION_` varchar(4000) COLLATE utf8_bin DEFAULT NULL,
  `OWNER_` varchar(255) COLLATE utf8_bin DEFAULT NULL,
  `ASSIGNEE_` varchar(255) COLLATE utf8_bin DEFAULT NULL,
  `START_TIME_` datetime(3) NOT NULL,
  `CLAIM_TIME_` datetime(3) DEFAULT NULL,
  `END_TIME_` datetime(3) DEFAULT NULL,
  `DURATION_` bigint(20) DEFAULT NULL,
  `DELETE_REASON_` varchar(4000) COLLATE utf8_bin DEFAULT NULL,
  `PRIORITY_` int(11) DEFAULT NULL,
  `DUE_DATE_` datetime(3) DEFAULT NULL,
  `FORM_KEY_` varchar(255) COLLATE utf8_bin DEFAULT NULL,
  `CATEGORY_` varchar(255) COLLATE utf8_bin DEFAULT NULL,
  `TENANT_ID_` varchar(255) COLLATE utf8_bin DEFAULT '',
  PRIMARY KEY (`ID_`),
  KEY `ACT_IDX_HI_TASK_INST_PROCINST` (`PROC_INST_ID_`)
) ENGINE=InnoDB DEFAULT CHARSET=utf8 COLLATE=utf8_bin;

-- ----------------------------
-- Records of act_hi_taskinst
-- ----------------------------
INSERT INTO `act_hi_taskinst` VALUES ('75016', 'leave:1:75004', 'deptLeaderAudit', '75005', '75005', '', null, null, null, '1', '2016-12-30 14:23:11.295', '2016-12-30 14:23:17.386', '2016-12-30 14:23:21.831', '10536', 'completed', '50', null, null, null, '');
INSERT INTO `act_hi_taskinst` VALUES ('75022', 'leave:1:75004', 'hrAudit', '75005', '75005', '', null, null, null, '17', '2016-12-30 14:23:21.858', '2016-12-30 15:30:27.762', '2016-12-30 15:30:33.074', '4031216', 'completed', '50', null, null, null, '');
INSERT INTO `act_hi_taskinst` VALUES ('77506', 'leave:1:75004', 'reportBack', '75005', '75005', '', null, null, null, '1', '2016-12-30 15:30:33.125', null, '2016-12-30 15:30:51.355', '18230', 'completed', '50', null, null, null, '');
INSERT INTO `act_hi_taskinst` VALUES ('80012', 'leave:1:75004', 'deptLeaderAudit', '80001', '80001', '', null, null, null, '1', '2016-12-31 11:35:47.667', '2016-12-31 11:36:18.218', '2016-12-31 11:36:35.488', '47821', 'completed', '50', null, null, null, '');
INSERT INTO `act_hi_taskinst` VALUES ('80018', 'leave:1:75004', 'hrAudit', '80001', '80001', '', null, null, null, '17', '2016-12-31 11:36:35.512', '2016-12-31 11:36:55.095', '2016-12-31 11:37:03.149', '27637', 'completed', '50', null, null, null, '');
INSERT INTO `act_hi_taskinst` VALUES ('80025', 'leave:1:75004', 'modifyApply', '80001', '80001', '', null, null, null, '1', '2016-12-31 11:37:03.156', null, '2016-12-31 11:37:27.677', '24521', 'completed', '50', null, null, null, '');
INSERT INTO `act_hi_taskinst` VALUES ('80033', 'leave:1:75004', 'deptLeaderAudit', '80001', '80001', '', null, null, null, '1', '2016-12-31 11:37:27.683', '2016-12-31 11:37:47.284', '2016-12-31 11:37:53.728', '26045', 'completed', '50', null, null, null, '');
INSERT INTO `act_hi_taskinst` VALUES ('80038', 'leave:1:75004', 'hrAudit', '80001', '80001', '', null, null, null, '17', '2016-12-31 11:37:53.734', '2017-01-03 15:57:05.963', null, null, null, '50', null, null, null, '');

-- ----------------------------
-- Table structure for act_hi_varinst
-- ----------------------------
DROP TABLE IF EXISTS `act_hi_varinst`;
CREATE TABLE `act_hi_varinst` (
  `ID_` varchar(64) COLLATE utf8_bin NOT NULL,
  `PROC_INST_ID_` varchar(64) COLLATE utf8_bin DEFAULT NULL,
  `EXECUTION_ID_` varchar(64) COLLATE utf8_bin DEFAULT NULL,
  `TASK_ID_` varchar(64) COLLATE utf8_bin DEFAULT NULL,
  `NAME_` varchar(255) COLLATE utf8_bin NOT NULL,
  `VAR_TYPE_` varchar(100) COLLATE utf8_bin DEFAULT NULL,
  `REV_` int(11) DEFAULT NULL,
  `BYTEARRAY_ID_` varchar(64) COLLATE utf8_bin DEFAULT NULL,
  `DOUBLE_` double DEFAULT NULL,
  `LONG_` bigint(20) DEFAULT NULL,
  `TEXT_` varchar(4000) COLLATE utf8_bin DEFAULT NULL,
  `TEXT2_` varchar(4000) COLLATE utf8_bin DEFAULT NULL,
  `CREATE_TIME_` datetime(3) DEFAULT NULL,
  `LAST_UPDATED_TIME_` datetime(3) DEFAULT NULL,
  PRIMARY KEY (`ID_`),
  KEY `ACT_IDX_HI_PROCVAR_PROC_INST` (`PROC_INST_ID_`),
  KEY `ACT_IDX_HI_PROCVAR_NAME_TYPE` (`NAME_`,`VAR_TYPE_`),
  KEY `ACT_IDX_HI_PROCVAR_TASK_ID` (`TASK_ID_`)
) ENGINE=InnoDB DEFAULT CHARSET=utf8 COLLATE=utf8_bin;

-- ----------------------------
-- Records of act_hi_varinst
-- ----------------------------
INSERT INTO `act_hi_varinst` VALUES ('75006', '75005', '75005', null, 'applyUserId', 'string', '1', null, null, null, '1', null, '2016-12-30 14:23:11.253', '2016-12-30 15:30:51.439');
INSERT INTO `act_hi_varinst` VALUES ('75012', '75005', '75005', null, 'startDate', 'date', '1', null, null, '1483027200000', null, null, '2016-12-30 14:23:11.263', '2016-12-30 15:30:51.440');
INSERT INTO `act_hi_varinst` VALUES ('75013', '75005', '75005', null, 'endDate', 'date', '1', null, null, '1483113600000', null, null, '2016-12-30 14:23:11.264', '2016-12-30 15:30:51.437');
INSERT INTO `act_hi_varinst` VALUES ('75014', '75005', '75005', null, 'reason', 'string', '1', null, null, null, '', null, '2016-12-30 14:23:11.264', '2016-12-30 15:30:51.435');
INSERT INTO `act_hi_varinst` VALUES ('75019', '75005', '75005', null, 'deptLeaderApproved', 'string', '1', null, null, null, 'true', null, '2016-12-30 14:23:21.808', '2016-12-30 15:30:51.437');
INSERT INTO `act_hi_varinst` VALUES ('77503', '75005', '75005', null, 'hrApproved', 'string', '1', null, null, null, 'true', null, '2016-12-30 15:30:33.053', '2016-12-30 15:30:51.441');
INSERT INTO `act_hi_varinst` VALUES ('77508', '75005', '75005', null, 'reportBackDate', 'date', '0', null, null, '1483113600000', null, null, '2016-12-30 15:30:51.338', '2016-12-30 15:30:51.436');
INSERT INTO `act_hi_varinst` VALUES ('77509', '75005', '75005', null, 'result', 'string', '0', null, null, null, 'ok', null, '2016-12-30 15:30:51.389', '2016-12-30 15:30:51.434');
INSERT INTO `act_hi_varinst` VALUES ('80002', '80001', '80001', null, 'applyUserId', 'string', '0', null, null, null, '1', null, '2016-12-31 11:35:47.518', '2016-12-31 11:35:47.518');
INSERT INTO `act_hi_varinst` VALUES ('80008', '80001', '80001', null, 'startDate', 'date', '1', null, null, '1483200000000', null, null, '2016-12-31 11:35:47.551', '2016-12-31 11:37:27.660');
INSERT INTO `act_hi_varinst` VALUES ('80009', '80001', '80001', null, 'endDate', 'date', '1', null, null, '1484064000000', null, null, '2016-12-31 11:35:47.553', '2016-12-31 11:37:27.663');
INSERT INTO `act_hi_varinst` VALUES ('80010', '80001', '80001', null, 'reason', 'string', '1', null, null, null, '', null, '2016-12-31 11:35:47.554', '2016-12-31 11:37:27.667');
INSERT INTO `act_hi_varinst` VALUES ('80015', '80001', '80001', null, 'deptLeaderApproved', 'string', '1', null, null, null, 'true', null, '2016-12-31 11:36:35.437', '2016-12-31 11:37:53.721');
INSERT INTO `act_hi_varinst` VALUES ('80022', '80001', '80001', null, 'hrApproved', 'string', '0', null, null, null, 'false', null, '2016-12-31 11:37:03.140', '2016-12-31 11:37:03.140');
INSERT INTO `act_hi_varinst` VALUES ('80030', '80001', '80001', null, 'reApply', 'string', '0', null, null, null, 'true', null, '2016-12-31 11:37:27.667', '2016-12-31 11:37:27.667');

-- ----------------------------
-- Table structure for act_id_group
-- ----------------------------
DROP TABLE IF EXISTS `act_id_group`;
CREATE TABLE `act_id_group` (
  `ID_` varchar(64) COLLATE utf8_bin NOT NULL,
  `REV_` int(11) DEFAULT NULL,
  `NAME_` varchar(255) COLLATE utf8_bin DEFAULT NULL,
  `TYPE_` varchar(255) COLLATE utf8_bin DEFAULT NULL,
  PRIMARY KEY (`ID_`)
) ENGINE=InnoDB DEFAULT CHARSET=utf8 COLLATE=utf8_bin;

-- ----------------------------
-- Records of act_id_group
-- ----------------------------

-- ----------------------------
-- Table structure for act_id_info
-- ----------------------------
DROP TABLE IF EXISTS `act_id_info`;
CREATE TABLE `act_id_info` (
  `ID_` varchar(64) COLLATE utf8_bin NOT NULL,
  `REV_` int(11) DEFAULT NULL,
  `USER_ID_` varchar(64) COLLATE utf8_bin DEFAULT NULL,
  `TYPE_` varchar(64) COLLATE utf8_bin DEFAULT NULL,
  `KEY_` varchar(255) COLLATE utf8_bin DEFAULT NULL,
  `VALUE_` varchar(255) COLLATE utf8_bin DEFAULT NULL,
  `PASSWORD_` longblob,
  `PARENT_ID_` varchar(255) COLLATE utf8_bin DEFAULT NULL,
  PRIMARY KEY (`ID_`)
) ENGINE=InnoDB DEFAULT CHARSET=utf8 COLLATE=utf8_bin;

-- ----------------------------
-- Records of act_id_info
-- ----------------------------

-- ----------------------------
-- Table structure for act_id_membership
-- ----------------------------
DROP TABLE IF EXISTS `act_id_membership`;
CREATE TABLE `act_id_membership` (
  `USER_ID_` varchar(64) COLLATE utf8_bin NOT NULL,
  `GROUP_ID_` varchar(64) COLLATE utf8_bin NOT NULL,
  PRIMARY KEY (`USER_ID_`,`GROUP_ID_`),
  KEY `ACT_FK_MEMB_GROUP` (`GROUP_ID_`),
  CONSTRAINT `ACT_FK_MEMB_GROUP` FOREIGN KEY (`GROUP_ID_`) REFERENCES `act_id_group` (`ID_`),
  CONSTRAINT `ACT_FK_MEMB_USER` FOREIGN KEY (`USER_ID_`) REFERENCES `act_id_user` (`ID_`)
) ENGINE=InnoDB DEFAULT CHARSET=utf8 COLLATE=utf8_bin;

-- ----------------------------
-- Records of act_id_membership
-- ----------------------------

-- ----------------------------
-- Table structure for act_id_user
-- ----------------------------
DROP TABLE IF EXISTS `act_id_user`;
CREATE TABLE `act_id_user` (
  `ID_` varchar(64) COLLATE utf8_bin NOT NULL,
  `REV_` int(11) DEFAULT NULL,
  `FIRST_` varchar(255) COLLATE utf8_bin DEFAULT NULL,
  `LAST_` varchar(255) COLLATE utf8_bin DEFAULT NULL,
  `EMAIL_` varchar(255) COLLATE utf8_bin DEFAULT NULL,
  `PWD_` varchar(255) COLLATE utf8_bin DEFAULT NULL,
  `PICTURE_ID_` varchar(64) COLLATE utf8_bin DEFAULT NULL,
  PRIMARY KEY (`ID_`)
) ENGINE=InnoDB DEFAULT CHARSET=utf8 COLLATE=utf8_bin;

-- ----------------------------
-- Records of act_id_user
-- ----------------------------

-- ----------------------------
-- Table structure for act_procdef_info
-- ----------------------------
DROP TABLE IF EXISTS `act_procdef_info`;
CREATE TABLE `act_procdef_info` (
  `ID_` varchar(64) COLLATE utf8_bin NOT NULL,
  `PROC_DEF_ID_` varchar(64) COLLATE utf8_bin NOT NULL,
  `REV_` int(11) DEFAULT NULL,
  `INFO_JSON_ID_` varchar(64) COLLATE utf8_bin DEFAULT NULL,
  PRIMARY KEY (`ID_`),
  UNIQUE KEY `ACT_UNIQ_INFO_PROCDEF` (`PROC_DEF_ID_`),
  KEY `ACT_IDX_INFO_PROCDEF` (`PROC_DEF_ID_`),
  KEY `ACT_FK_INFO_JSON_BA` (`INFO_JSON_ID_`),
  CONSTRAINT `ACT_FK_INFO_JSON_BA` FOREIGN KEY (`INFO_JSON_ID_`) REFERENCES `act_ge_bytearray` (`ID_`),
  CONSTRAINT `ACT_FK_INFO_PROCDEF` FOREIGN KEY (`PROC_DEF_ID_`) REFERENCES `act_re_procdef` (`ID_`)
) ENGINE=InnoDB DEFAULT CHARSET=utf8 COLLATE=utf8_bin;

-- ----------------------------
-- Records of act_procdef_info
-- ----------------------------

-- ----------------------------
-- Table structure for act_re_deployment
-- ----------------------------
DROP TABLE IF EXISTS `act_re_deployment`;
CREATE TABLE `act_re_deployment` (
  `ID_` varchar(64) COLLATE utf8_bin NOT NULL,
  `NAME_` varchar(255) COLLATE utf8_bin DEFAULT NULL,
  `CATEGORY_` varchar(255) COLLATE utf8_bin DEFAULT NULL,
  `TENANT_ID_` varchar(255) COLLATE utf8_bin DEFAULT '',
  `DEPLOY_TIME_` timestamp(3) NULL DEFAULT NULL,
  PRIMARY KEY (`ID_`)
) ENGINE=InnoDB DEFAULT CHARSET=utf8 COLLATE=utf8_bin;

-- ----------------------------
-- Records of act_re_deployment
-- ----------------------------
INSERT INTO `act_re_deployment` VALUES ('75001', null, null, '', '2016-12-30 14:22:50.683');

-- ----------------------------
-- Table structure for act_re_model
-- ----------------------------
DROP TABLE IF EXISTS `act_re_model`;
CREATE TABLE `act_re_model` (
  `ID_` varchar(64) COLLATE utf8_bin NOT NULL,
  `REV_` int(11) DEFAULT NULL,
  `NAME_` varchar(255) COLLATE utf8_bin DEFAULT NULL,
  `KEY_` varchar(255) COLLATE utf8_bin DEFAULT NULL,
  `CATEGORY_` varchar(255) COLLATE utf8_bin DEFAULT NULL,
  `CREATE_TIME_` timestamp(3) NULL DEFAULT NULL,
  `LAST_UPDATE_TIME_` timestamp(3) NULL DEFAULT NULL,
  `VERSION_` int(11) DEFAULT NULL,
  `META_INFO_` varchar(4000) COLLATE utf8_bin DEFAULT NULL,
  `DEPLOYMENT_ID_` varchar(64) COLLATE utf8_bin DEFAULT NULL,
  `EDITOR_SOURCE_VALUE_ID_` varchar(64) COLLATE utf8_bin DEFAULT NULL,
  `EDITOR_SOURCE_EXTRA_VALUE_ID_` varchar(64) COLLATE utf8_bin DEFAULT NULL,
  `TENANT_ID_` varchar(255) COLLATE utf8_bin DEFAULT '',
  PRIMARY KEY (`ID_`),
  KEY `ACT_FK_MODEL_SOURCE` (`EDITOR_SOURCE_VALUE_ID_`),
  KEY `ACT_FK_MODEL_SOURCE_EXTRA` (`EDITOR_SOURCE_EXTRA_VALUE_ID_`),
  KEY `ACT_FK_MODEL_DEPLOYMENT` (`DEPLOYMENT_ID_`),
  CONSTRAINT `ACT_FK_MODEL_DEPLOYMENT` FOREIGN KEY (`DEPLOYMENT_ID_`) REFERENCES `act_re_deployment` (`ID_`),
  CONSTRAINT `ACT_FK_MODEL_SOURCE` FOREIGN KEY (`EDITOR_SOURCE_VALUE_ID_`) REFERENCES `act_ge_bytearray` (`ID_`),
  CONSTRAINT `ACT_FK_MODEL_SOURCE_EXTRA` FOREIGN KEY (`EDITOR_SOURCE_EXTRA_VALUE_ID_`) REFERENCES `act_ge_bytearray` (`ID_`)
) ENGINE=InnoDB DEFAULT CHARSET=utf8 COLLATE=utf8_bin;

-- ----------------------------
-- Records of act_re_model
-- ----------------------------
INSERT INTO `act_re_model` VALUES ('82501', '4', '', 'testkey', null, '2017-01-03 09:42:10.359', '2017-01-03 09:50:10.827', '1', '{\"name\":\"\",\"description\":\"\"}', null, '82502', '82503', '');

-- ----------------------------
-- Table structure for act_re_procdef
-- ----------------------------
DROP TABLE IF EXISTS `act_re_procdef`;
CREATE TABLE `act_re_procdef` (
  `ID_` varchar(64) COLLATE utf8_bin NOT NULL,
  `REV_` int(11) DEFAULT NULL,
  `CATEGORY_` varchar(255) COLLATE utf8_bin DEFAULT NULL,
  `NAME_` varchar(255) COLLATE utf8_bin DEFAULT NULL,
  `KEY_` varchar(255) COLLATE utf8_bin NOT NULL,
  `VERSION_` int(11) NOT NULL,
  `DEPLOYMENT_ID_` varchar(64) COLLATE utf8_bin DEFAULT NULL,
  `RESOURCE_NAME_` varchar(4000) COLLATE utf8_bin DEFAULT NULL,
  `DGRM_RESOURCE_NAME_` varchar(4000) COLLATE utf8_bin DEFAULT NULL,
  `DESCRIPTION_` varchar(4000) COLLATE utf8_bin DEFAULT NULL,
  `HAS_START_FORM_KEY_` tinyint(4) DEFAULT NULL,
  `HAS_GRAPHICAL_NOTATION_` tinyint(4) DEFAULT NULL,
  `SUSPENSION_STATE_` int(11) DEFAULT NULL,
  `TENANT_ID_` varchar(255) COLLATE utf8_bin DEFAULT '',
  PRIMARY KEY (`ID_`),
  UNIQUE KEY `ACT_UNIQ_PROCDEF` (`KEY_`,`VERSION_`,`TENANT_ID_`)
) ENGINE=InnoDB DEFAULT CHARSET=utf8 COLLATE=utf8_bin;

-- ----------------------------
-- Records of act_re_procdef
-- ----------------------------
INSERT INTO `act_re_procdef` VALUES ('leave:1:75004', '1', 'http://www.kafeitu.me/activiti/leave', '-', 'leave', '1', '75001', 'leave.bpmn20.xml', 'leave.png', '-', '0', '1', '1', '');

-- ----------------------------
-- Table structure for act_ru_event_subscr
-- ----------------------------
DROP TABLE IF EXISTS `act_ru_event_subscr`;
CREATE TABLE `act_ru_event_subscr` (
  `ID_` varchar(64) COLLATE utf8_bin NOT NULL,
  `REV_` int(11) DEFAULT NULL,
  `EVENT_TYPE_` varchar(255) COLLATE utf8_bin NOT NULL,
  `EVENT_NAME_` varchar(255) COLLATE utf8_bin DEFAULT NULL,
  `EXECUTION_ID_` varchar(64) COLLATE utf8_bin DEFAULT NULL,
  `PROC_INST_ID_` varchar(64) COLLATE utf8_bin DEFAULT NULL,
  `ACTIVITY_ID_` varchar(64) COLLATE utf8_bin DEFAULT NULL,
  `CONFIGURATION_` varchar(255) COLLATE utf8_bin DEFAULT NULL,
  `CREATED_` timestamp(3) NOT NULL DEFAULT CURRENT_TIMESTAMP(3),
  `PROC_DEF_ID_` varchar(64) COLLATE utf8_bin DEFAULT NULL,
  `TENANT_ID_` varchar(255) COLLATE utf8_bin DEFAULT '',
  PRIMARY KEY (`ID_`),
  KEY `ACT_IDX_EVENT_SUBSCR_CONFIG_` (`CONFIGURATION_`),
  KEY `ACT_FK_EVENT_EXEC` (`EXECUTION_ID_`),
  CONSTRAINT `ACT_FK_EVENT_EXEC` FOREIGN KEY (`EXECUTION_ID_`) REFERENCES `act_ru_execution` (`ID_`)
) ENGINE=InnoDB DEFAULT CHARSET=utf8 COLLATE=utf8_bin;

-- ----------------------------
-- Records of act_ru_event_subscr
-- ----------------------------

-- ----------------------------
-- Table structure for act_ru_execution
-- ----------------------------
DROP TABLE IF EXISTS `act_ru_execution`;
CREATE TABLE `act_ru_execution` (
  `ID_` varchar(64) COLLATE utf8_bin NOT NULL,
  `REV_` int(11) DEFAULT NULL,
  `PROC_INST_ID_` varchar(64) COLLATE utf8_bin DEFAULT NULL,
  `BUSINESS_KEY_` varchar(255) COLLATE utf8_bin DEFAULT NULL,
  `PARENT_ID_` varchar(64) COLLATE utf8_bin DEFAULT NULL,
  `PROC_DEF_ID_` varchar(64) COLLATE utf8_bin DEFAULT NULL,
  `SUPER_EXEC_` varchar(64) COLLATE utf8_bin DEFAULT NULL,
  `ACT_ID_` varchar(255) COLLATE utf8_bin DEFAULT NULL,
  `IS_ACTIVE_` tinyint(4) DEFAULT NULL,
  `IS_CONCURRENT_` tinyint(4) DEFAULT NULL,
  `IS_SCOPE_` tinyint(4) DEFAULT NULL,
  `IS_EVENT_SCOPE_` tinyint(4) DEFAULT NULL,
  `SUSPENSION_STATE_` int(11) DEFAULT NULL,
  `CACHED_ENT_STATE_` int(11) DEFAULT NULL,
  `TENANT_ID_` varchar(255) COLLATE utf8_bin DEFAULT '',
  `NAME_` varchar(255) COLLATE utf8_bin DEFAULT NULL,
  `LOCK_TIME_` timestamp(3) NULL DEFAULT NULL,
  PRIMARY KEY (`ID_`),
  KEY `ACT_IDX_EXEC_BUSKEY` (`BUSINESS_KEY_`),
  KEY `ACT_FK_EXE_PROCINST` (`PROC_INST_ID_`),
  KEY `ACT_FK_EXE_PARENT` (`PARENT_ID_`),
  KEY `ACT_FK_EXE_SUPER` (`SUPER_EXEC_`),
  KEY `ACT_FK_EXE_PROCDEF` (`PROC_DEF_ID_`),
  CONSTRAINT `ACT_FK_EXE_PARENT` FOREIGN KEY (`PARENT_ID_`) REFERENCES `act_ru_execution` (`ID_`),
  CONSTRAINT `ACT_FK_EXE_PROCDEF` FOREIGN KEY (`PROC_DEF_ID_`) REFERENCES `act_re_procdef` (`ID_`),
  CONSTRAINT `ACT_FK_EXE_PROCINST` FOREIGN KEY (`PROC_INST_ID_`) REFERENCES `act_ru_execution` (`ID_`) ON DELETE CASCADE ON UPDATE CASCADE,
  CONSTRAINT `ACT_FK_EXE_SUPER` FOREIGN KEY (`SUPER_EXEC_`) REFERENCES `act_ru_execution` (`ID_`)
) ENGINE=InnoDB DEFAULT CHARSET=utf8 COLLATE=utf8_bin;

-- ----------------------------
-- Records of act_ru_execution
-- ----------------------------
INSERT INTO `act_ru_execution` VALUES ('80001', '5', '80001', null, null, 'leave:1:75004', null, 'hrAudit', '1', '0', '1', '0', '1', '2', '', null, null);

-- ----------------------------
-- Table structure for act_ru_identitylink
-- ----------------------------
DROP TABLE IF EXISTS `act_ru_identitylink`;
CREATE TABLE `act_ru_identitylink` (
  `ID_` varchar(64) COLLATE utf8_bin NOT NULL,
  `REV_` int(11) DEFAULT NULL,
  `GROUP_ID_` varchar(255) COLLATE utf8_bin DEFAULT NULL,
  `TYPE_` varchar(255) COLLATE utf8_bin DEFAULT NULL,
  `USER_ID_` varchar(255) COLLATE utf8_bin DEFAULT NULL,
  `TASK_ID_` varchar(64) COLLATE utf8_bin DEFAULT NULL,
  `PROC_INST_ID_` varchar(64) COLLATE utf8_bin DEFAULT NULL,
  `PROC_DEF_ID_` varchar(64) COLLATE utf8_bin DEFAULT NULL,
  PRIMARY KEY (`ID_`),
  KEY `ACT_IDX_IDENT_LNK_USER` (`USER_ID_`),
  KEY `ACT_IDX_IDENT_LNK_GROUP` (`GROUP_ID_`),
  KEY `ACT_IDX_ATHRZ_PROCEDEF` (`PROC_DEF_ID_`),
  KEY `ACT_FK_TSKASS_TASK` (`TASK_ID_`),
  KEY `ACT_FK_IDL_PROCINST` (`PROC_INST_ID_`),
  CONSTRAINT `ACT_FK_ATHRZ_PROCEDEF` FOREIGN KEY (`PROC_DEF_ID_`) REFERENCES `act_re_procdef` (`ID_`),
  CONSTRAINT `ACT_FK_IDL_PROCINST` FOREIGN KEY (`PROC_INST_ID_`) REFERENCES `act_ru_execution` (`ID_`),
  CONSTRAINT `ACT_FK_TSKASS_TASK` FOREIGN KEY (`TASK_ID_`) REFERENCES `act_ru_task` (`ID_`)
) ENGINE=InnoDB DEFAULT CHARSET=utf8 COLLATE=utf8_bin;

-- ----------------------------
-- Records of act_ru_identitylink
-- ----------------------------
INSERT INTO `act_ru_identitylink` VALUES ('80003', '1', null, 'starter', '1', null, '80001', null);
INSERT INTO `act_ru_identitylink` VALUES ('80020', '1', null, 'participant', '17', null, '80001', null);
INSERT INTO `act_ru_identitylink` VALUES ('80039', '1', 'hr', 'candidate', null, '80038', null, null);

-- ----------------------------
-- Table structure for act_ru_job
-- ----------------------------
DROP TABLE IF EXISTS `act_ru_job`;
CREATE TABLE `act_ru_job` (
  `ID_` varchar(64) COLLATE utf8_bin NOT NULL,
  `REV_` int(11) DEFAULT NULL,
  `TYPE_` varchar(255) COLLATE utf8_bin NOT NULL,
  `LOCK_EXP_TIME_` timestamp(3) NULL DEFAULT NULL,
  `LOCK_OWNER_` varchar(255) COLLATE utf8_bin DEFAULT NULL,
  `EXCLUSIVE_` tinyint(1) DEFAULT NULL,
  `EXECUTION_ID_` varchar(64) COLLATE utf8_bin DEFAULT NULL,
  `PROCESS_INSTANCE_ID_` varchar(64) COLLATE utf8_bin DEFAULT NULL,
  `PROC_DEF_ID_` varchar(64) COLLATE utf8_bin DEFAULT NULL,
  `RETRIES_` int(11) DEFAULT NULL,
  `EXCEPTION_STACK_ID_` varchar(64) COLLATE utf8_bin DEFAULT NULL,
  `EXCEPTION_MSG_` varchar(4000) COLLATE utf8_bin DEFAULT NULL,
  `DUEDATE_` timestamp(3) NULL DEFAULT NULL,
  `REPEAT_` varchar(255) COLLATE utf8_bin DEFAULT NULL,
  `HANDLER_TYPE_` varchar(255) COLLATE utf8_bin DEFAULT NULL,
  `HANDLER_CFG_` varchar(4000) COLLATE utf8_bin DEFAULT NULL,
  `TENANT_ID_` varchar(255) COLLATE utf8_bin DEFAULT '',
  PRIMARY KEY (`ID_`),
  KEY `ACT_FK_JOB_EXCEPTION` (`EXCEPTION_STACK_ID_`),
  CONSTRAINT `ACT_FK_JOB_EXCEPTION` FOREIGN KEY (`EXCEPTION_STACK_ID_`) REFERENCES `act_ge_bytearray` (`ID_`)
) ENGINE=InnoDB DEFAULT CHARSET=utf8 COLLATE=utf8_bin;

-- ----------------------------
-- Records of act_ru_job
-- ----------------------------

-- ----------------------------
-- Table structure for act_ru_task
-- ----------------------------
DROP TABLE IF EXISTS `act_ru_task`;
CREATE TABLE `act_ru_task` (
  `ID_` varchar(64) COLLATE utf8_bin NOT NULL,
  `REV_` int(11) DEFAULT NULL,
  `EXECUTION_ID_` varchar(64) COLLATE utf8_bin DEFAULT NULL,
  `PROC_INST_ID_` varchar(64) COLLATE utf8_bin DEFAULT NULL,
  `PROC_DEF_ID_` varchar(64) COLLATE utf8_bin DEFAULT NULL,
  `NAME_` varchar(255) COLLATE utf8_bin DEFAULT NULL,
  `PARENT_TASK_ID_` varchar(64) COLLATE utf8_bin DEFAULT NULL,
  `DESCRIPTION_` varchar(4000) COLLATE utf8_bin DEFAULT NULL,
  `TASK_DEF_KEY_` varchar(255) COLLATE utf8_bin DEFAULT NULL,
  `OWNER_` varchar(255) COLLATE utf8_bin DEFAULT NULL,
  `ASSIGNEE_` varchar(255) COLLATE utf8_bin DEFAULT NULL,
  `DELEGATION_` varchar(64) COLLATE utf8_bin DEFAULT NULL,
  `PRIORITY_` int(11) DEFAULT NULL,
  `CREATE_TIME_` timestamp(3) NULL DEFAULT NULL,
  `DUE_DATE_` datetime(3) DEFAULT NULL,
  `CATEGORY_` varchar(255) COLLATE utf8_bin DEFAULT NULL,
  `SUSPENSION_STATE_` int(11) DEFAULT NULL,
  `TENANT_ID_` varchar(255) COLLATE utf8_bin DEFAULT '',
  `FORM_KEY_` varchar(255) COLLATE utf8_bin DEFAULT NULL,
  PRIMARY KEY (`ID_`),
  KEY `ACT_IDX_TASK_CREATE` (`CREATE_TIME_`),
  KEY `ACT_FK_TASK_EXE` (`EXECUTION_ID_`),
  KEY `ACT_FK_TASK_PROCINST` (`PROC_INST_ID_`),
  KEY `ACT_FK_TASK_PROCDEF` (`PROC_DEF_ID_`),
  CONSTRAINT `ACT_FK_TASK_EXE` FOREIGN KEY (`EXECUTION_ID_`) REFERENCES `act_ru_execution` (`ID_`),
  CONSTRAINT `ACT_FK_TASK_PROCDEF` FOREIGN KEY (`PROC_DEF_ID_`) REFERENCES `act_re_procdef` (`ID_`),
  CONSTRAINT `ACT_FK_TASK_PROCINST` FOREIGN KEY (`PROC_INST_ID_`) REFERENCES `act_ru_execution` (`ID_`)
) ENGINE=InnoDB DEFAULT CHARSET=utf8 COLLATE=utf8_bin;

-- ----------------------------
-- Records of act_ru_task
-- ----------------------------
INSERT INTO `act_ru_task` VALUES ('80038', '2', '80001', '80001', 'leave:1:75004', '', null, null, 'hrAudit', null, '17', null, '50', '2016-12-31 11:37:53.733', null, null, '1', '', null);

-- ----------------------------
-- Table structure for act_ru_variable
-- ----------------------------
DROP TABLE IF EXISTS `act_ru_variable`;
CREATE TABLE `act_ru_variable` (
  `ID_` varchar(64) COLLATE utf8_bin NOT NULL,
  `REV_` int(11) DEFAULT NULL,
  `TYPE_` varchar(255) COLLATE utf8_bin NOT NULL,
  `NAME_` varchar(255) COLLATE utf8_bin NOT NULL,
  `EXECUTION_ID_` varchar(64) COLLATE utf8_bin DEFAULT NULL,
  `PROC_INST_ID_` varchar(64) COLLATE utf8_bin DEFAULT NULL,
  `TASK_ID_` varchar(64) COLLATE utf8_bin DEFAULT NULL,
  `BYTEARRAY_ID_` varchar(64) COLLATE utf8_bin DEFAULT NULL,
  `DOUBLE_` double DEFAULT NULL,
  `LONG_` bigint(20) DEFAULT NULL,
  `TEXT_` varchar(4000) COLLATE utf8_bin DEFAULT NULL,
  `TEXT2_` varchar(4000) COLLATE utf8_bin DEFAULT NULL,
  PRIMARY KEY (`ID_`),
  KEY `ACT_IDX_VARIABLE_TASK_ID` (`TASK_ID_`),
  KEY `ACT_FK_VAR_EXE` (`EXECUTION_ID_`),
  KEY `ACT_FK_VAR_PROCINST` (`PROC_INST_ID_`),
  KEY `ACT_FK_VAR_BYTEARRAY` (`BYTEARRAY_ID_`),
  CONSTRAINT `ACT_FK_VAR_BYTEARRAY` FOREIGN KEY (`BYTEARRAY_ID_`) REFERENCES `act_ge_bytearray` (`ID_`),
  CONSTRAINT `ACT_FK_VAR_EXE` FOREIGN KEY (`EXECUTION_ID_`) REFERENCES `act_ru_execution` (`ID_`),
  CONSTRAINT `ACT_FK_VAR_PROCINST` FOREIGN KEY (`PROC_INST_ID_`) REFERENCES `act_ru_execution` (`ID_`)
) ENGINE=InnoDB DEFAULT CHARSET=utf8 COLLATE=utf8_bin;

-- ----------------------------
-- Records of act_ru_variable
-- ----------------------------
INSERT INTO `act_ru_variable` VALUES ('80002', '1', 'string', 'applyUserId', '80001', '80001', null, null, null, null, '1', null);
INSERT INTO `act_ru_variable` VALUES ('80008', '1', 'date', 'startDate', '80001', '80001', null, null, null, '1483200000000', null, null);
INSERT INTO `act_ru_variable` VALUES ('80009', '2', 'date', 'endDate', '80001', '80001', null, null, null, '1484064000000', null, null);
INSERT INTO `act_ru_variable` VALUES ('80010', '1', 'string', 'reason', '80001', '80001', null, null, null, null, '', null);
INSERT INTO `act_ru_variable` VALUES ('80015', '1', 'string', 'deptLeaderApproved', '80001', '80001', null, null, null, null, 'true', null);
INSERT INTO `act_ru_variable` VALUES ('80022', '1', 'string', 'hrApproved', '80001', '80001', null, null, null, null, 'false', null);
INSERT INTO `act_ru_variable` VALUES ('80030', '1', 'string', 'reApply', '80001', '80001', null, null, null, null, 'true', null);

-- ----------------------------
-- Table structure for sys_dic_item
-- ----------------------------
DROP TABLE IF EXISTS `sys_dic_item`;
CREATE TABLE `sys_dic_item` (
  `ID` int(11) NOT NULL AUTO_INCREMENT,
  `SORT` int(11) DEFAULT NULL COMMENT '',
  `TEXT` varchar(20) DEFAULT NULL COMMENT '',
  `VALUE` int(11) DEFAULT NULL COMMENT '',
  `TYPE_ID` int(11) DEFAULT NULL,
  PRIMARY KEY (`ID`)
) ENGINE=InnoDB AUTO_INCREMENT=19 DEFAULT CHARSET=utf8;

-- ----------------------------
-- Records of sys_dic_item
-- ----------------------------
INSERT INTO `sys_dic_item` VALUES ('15', '1', 'MENU', '1', '1');
INSERT INTO `sys_dic_item` VALUES ('16', '2', 'FILE', '2', '1');
INSERT INTO `sys_dic_item` VALUES ('17', '3', 'PAGE', '3', '1');
INSERT INTO `sys_dic_item` VALUES ('18', '4', 'OPERATE', '4', '1');

-- ----------------------------
-- Table structure for sys_dic_type
-- ----------------------------
DROP TABLE IF EXISTS `sys_dic_type`;
CREATE TABLE `sys_dic_type` (
  `ID` int(11) NOT NULL AUTO_INCREMENT,
  `DIC_CODE` varchar(20) DEFAULT NULL COMMENT '',
  `STATUS` int(11) DEFAULT NULL COMMENT '',
  `DIC_NAME` varchar(20) DEFAULT NULL COMMENT '',
  PRIMARY KEY (`ID`)
) ENGINE=InnoDB AUTO_INCREMENT=2 DEFAULT CHARSET=utf8;

-- ----------------------------
-- Records of sys_dic_type
-- ----------------------------
INSERT INTO `sys_dic_type` VALUES ('1', 'PRI_TYPE', '1', '');

-- ----------------------------
-- Table structure for sys_menu
-- ----------------------------
DROP TABLE IF EXISTS `sys_menu`;
CREATE TABLE `sys_menu` (
  `MENU_ID` int(11) NOT NULL AUTO_INCREMENT,
  `MENU_NAME` varchar(20) DEFAULT NULL,
  `MENU_URL` varchar(50) DEFAULT NULL,
  `MENU_ICON` varchar(20) DEFAULT NULL,
  `MENU_PARENT` int(11) DEFAULT NULL COMMENT 'ID',
  PRIMARY KEY (`MENU_ID`)
) ENGINE=InnoDB AUTO_INCREMENT=28 DEFAULT CHARSET=utf8;

-- ----------------------------
-- Records of sys_menu
-- ----------------------------
INSERT INTO `sys_menu` VALUES ('1', '', '', 'fa-cog', '0');
INSERT INTO `sys_menu` VALUES ('2', '', '/user/manager', 'fa-user', '1');
INSERT INTO `sys_menu` VALUES ('3', '', '/role/manager', 'fa-male', '1');
INSERT INTO `sys_menu` VALUES ('4', '', '/privilege/manager', 'fa-paypal', '1');
INSERT INTO `sys_menu` VALUES ('5', '', '/dicType/manager', 'fa-cogs', '1');
INSERT INTO `sys_menu` VALUES ('6', '', '/menu/manager', 'fa-list', '1');
INSERT INTO `sys_menu` VALUES ('13', '', '/message/manager21', 'fa-book', '0');
INSERT INTO `sys_menu` VALUES ('18', '', '', 'fa-volume-off', '13');
INSERT INTO `sys_menu` VALUES ('19', '', '', 'fa-stack-overflow', '0');
INSERT INTO `sys_menu` VALUES ('20', '', '/flow/process/list', 'fa-codepen', '19');
INSERT INTO `sys_menu` VALUES ('21', '', '/process/trace/list', 'fa-binoculars', '19');
INSERT INTO `sys_menu` VALUES ('22', '', '/user/group/manager', 'fa-users', '1');
INSERT INTO `sys_menu` VALUES ('23', '', '', 'fa-bell', '0');
INSERT INTO `sys_menu` VALUES ('24', '', '/task/not/claim/list', 'fa-bell-slash-o', '23');
INSERT INTO `sys_menu` VALUES ('25', '', '/task/claim/list', 'fa-bell-o', '23');
INSERT INTO `sys_menu` VALUES ('26', '', '/execution/list', 'fa-database', '19');
INSERT INTO `sys_menu` VALUES ('27', '', '/flow/model/list', 'fa-pagelines', '19');

-- ----------------------------
-- Table structure for sys_privilege
-- ----------------------------
DROP TABLE IF EXISTS `sys_privilege`;
CREATE TABLE `sys_privilege` (
  `PRI_ID` int(11) NOT NULL AUTO_INCREMENT COMMENT 'ID',
  `PRI_NAME` varchar(255) DEFAULT NULL COMMENT '',
  `PRI_TYPE` varchar(255) DEFAULT NULL COMMENT '',
  PRIMARY KEY (`PRI_ID`)
) ENGINE=InnoDB AUTO_INCREMENT=5 DEFAULT CHARSET=utf8;

-- ----------------------------
-- Records of sys_privilege
-- ----------------------------
INSERT INTO `sys_privilege` VALUES ('1', '', 'MENU');
INSERT INTO `sys_privilege` VALUES ('2', '', 'MENU');
INSERT INTO `sys_privilege` VALUES ('3', '', 'MENU');
INSERT INTO `sys_privilege` VALUES ('4', '', 'MENU');

-- ----------------------------
-- Table structure for sys_pri_ref_menu
-- ----------------------------
DROP TABLE IF EXISTS `sys_pri_ref_menu`;
CREATE TABLE `sys_pri_ref_menu` (
  `PRI_ID` int(10) DEFAULT NULL,
  `MENU_ID` int(10) DEFAULT NULL
) ENGINE=InnoDB DEFAULT CHARSET=utf8;

-- ----------------------------
-- Records of sys_pri_ref_menu
-- ----------------------------
INSERT INTO `sys_pri_ref_menu` VALUES ('3', '10');
INSERT INTO `sys_pri_ref_menu` VALUES ('3', '15');
INSERT INTO `sys_pri_ref_menu` VALUES ('3', '16');
INSERT INTO `sys_pri_ref_menu` VALUES ('3', '17');
INSERT INTO `sys_pri_ref_menu` VALUES ('4', '23');
INSERT INTO `sys_pri_ref_menu` VALUES ('4', '24');
INSERT INTO `sys_pri_ref_menu` VALUES ('4', '25');
INSERT INTO `sys_pri_ref_menu` VALUES ('2', '1');
INSERT INTO `sys_pri_ref_menu` VALUES ('2', '2');
INSERT INTO `sys_pri_ref_menu` VALUES ('2', '3');
INSERT INTO `sys_pri_ref_menu` VALUES ('2', '4');
INSERT INTO `sys_pri_ref_menu` VALUES ('2', '5');
INSERT INTO `sys_pri_ref_menu` VALUES ('2', '6');
INSERT INTO `sys_pri_ref_menu` VALUES ('2', '22');
INSERT INTO `sys_pri_ref_menu` VALUES ('2', '13');
INSERT INTO `sys_pri_ref_menu` VALUES ('2', '18');
INSERT INTO `sys_pri_ref_menu` VALUES ('2', '19');
INSERT INTO `sys_pri_ref_menu` VALUES ('2', '20');
INSERT INTO `sys_pri_ref_menu` VALUES ('2', '21');
INSERT INTO `sys_pri_ref_menu` VALUES ('2', '26');
INSERT INTO `sys_pri_ref_menu` VALUES ('2', '27');
INSERT INTO `sys_pri_ref_menu` VALUES ('2', '23');
INSERT INTO `sys_pri_ref_menu` VALUES ('2', '24');
INSERT INTO `sys_pri_ref_menu` VALUES ('2', '25');

-- ----------------------------
-- Table structure for sys_role
-- ----------------------------
DROP TABLE IF EXISTS `sys_role`;
CREATE TABLE `sys_role` (
  `ROLE_ID` int(11) NOT NULL AUTO_INCREMENT,
  `ROLE_NAME` varchar(20) DEFAULT NULL,
  `ROLE_CODE` varchar(20) DEFAULT NULL,
  PRIMARY KEY (`ROLE_ID`)
) ENGINE=InnoDB AUTO_INCREMENT=17 DEFAULT CHARSET=utf8;

-- ----------------------------
-- Records of sys_role
-- ----------------------------
INSERT INTO `sys_role` VALUES ('1', '', 'admin');
INSERT INTO `sys_role` VALUES ('3', '', 'CEO');
INSERT INTO `sys_role` VALUES ('4', '', 'SEC');
INSERT INTO `sys_role` VALUES ('5', '', 'PD');
INSERT INTO `sys_role` VALUES ('6', '', 'PM');
INSERT INTO `sys_role` VALUES ('7', 'java', 'JAVA_DEVER');
INSERT INTO `sys_role` VALUES ('8', 'C#', 'C#_DEVER');
INSERT INTO `sys_role` VALUES ('9', 'C++', 'C++_DEVER');
INSERT INTO `sys_role` VALUES ('10', 'java', 'JAVA_DEBUGER');
INSERT INTO `sys_role` VALUES ('11', 'C#', 'C#_DEBUGER');
INSERT INTO `sys_role` VALUES ('12', 'C++', 'C++_DEBUGER');
INSERT INTO `sys_role` VALUES ('13', '', 'MM');
INSERT INTO `sys_role` VALUES ('14', '', 'BM');
INSERT INTO `sys_role` VALUES ('15', '', 'hr');
INSERT INTO `sys_role` VALUES ('16', '', 'deptLeader');

-- ----------------------------
-- Table structure for sys_role_ref_pri
-- ----------------------------
DROP TABLE IF EXISTS `sys_role_ref_pri`;
CREATE TABLE `sys_role_ref_pri` (
  `role_id` int(11) DEFAULT NULL,
  `pri_id` int(11) DEFAULT NULL
) ENGINE=InnoDB DEFAULT CHARSET=utf8;

-- ----------------------------
-- Records of sys_role_ref_pri
-- ----------------------------
INSERT INTO `sys_role_ref_pri` VALUES ('11', '2');
INSERT INTO `sys_role_ref_pri` VALUES ('1', '2');
INSERT INTO `sys_role_ref_pri` VALUES ('6', '3');
INSERT INTO `sys_role_ref_pri` VALUES ('15', '4');

-- ----------------------------
-- Table structure for sys_user
-- ----------------------------
DROP TABLE IF EXISTS `sys_user`;
CREATE TABLE `sys_user` (
  `user_id` int(10) NOT NULL AUTO_INCREMENT,
  `user_name` varchar(20) DEFAULT NULL,
  `password` varchar(60) DEFAULT NULL,
  `email` varchar(60) DEFAULT NULL,
  `create_date` datetime DEFAULT NULL,
  `update_date` datetime DEFAULT NULL,
  PRIMARY KEY (`user_id`)
) ENGINE=InnoDB AUTO_INCREMENT=18 DEFAULT CHARSET=utf8;

-- ----------------------------
-- Records of sys_user
-- ----------------------------
INSERT INTO `sys_user` VALUES ('1', 'admin', 'd785c99d298a4e9e6e13fe99e602ef42', '9876656755@qq.com', '2016-11-07 13:37:35', '2016-11-07 13:37:35');
INSERT INTO `sys_user` VALUES ('2', 'zhangsan', 'd785c99d298a4e9e6e13fe99e602ef42', '1234565@qq.com', '2016-11-09 14:02:22', '2016-11-09 14:02:22');
INSERT INTO `sys_user` VALUES ('4', 'zhangsan1', 'd785c99d298a4e9e6e13fe99e602ef42', '1234565@qq.com', '2016-11-09 14:02:41', '2016-11-09 14:02:41');
INSERT INTO `sys_user` VALUES ('6', 'zhangsan2', 'd785c99d298a4e9e6e13fe99e602ef42', '1234565@qq.com', '2016-11-09 14:02:48', '2016-11-09 14:02:48');
INSERT INTO `sys_user` VALUES ('7', 'wangwu', 'd785c99d298a4e9e6e13fe99e602ef42', '1234565@qq.com', '2016-11-09 14:02:50', '2016-11-09 14:02:50');
INSERT INTO `sys_user` VALUES ('8', 'wangwu1', 'd785c99d298a4e9e6e13fe99e602ef42', '1234565@qq.com', '2016-11-09 14:02:51', '2016-11-09 14:02:51');
INSERT INTO `sys_user` VALUES ('9', 'wangwu2', 'd785c99d298a4e9e6e13fe99e602ef42', '1234565@qq.com', '2016-11-09 14:02:53', '2016-11-09 14:02:53');
INSERT INTO `sys_user` VALUES ('10', 'lisi', 'd785c99d298a4e9e6e13fe99e602ef42', '1234565@qq.com', '2016-11-09 14:02:54', '2016-11-09 14:02:54');
INSERT INTO `sys_user` VALUES ('11', 'lisi1', 'd785c99d298a4e9e6e13fe99e602ef42', '1234565@qq.com', '2016-11-09 14:02:56', '2016-11-09 14:02:56');
INSERT INTO `sys_user` VALUES ('13', 'lisi2', 'd785c99d298a4e9e6e13fe99e602ef42', '1234565@qq.com', '2016-11-09 14:02:58', '2016-11-09 14:02:58');
INSERT INTO `sys_user` VALUES ('14', 'zhaoqi', 'd785c99d298a4e9e6e13fe99e602ef42', '1234565@qq.com', '2016-11-09 14:03:00', '2016-11-09 14:03:00');
INSERT INTO `sys_user` VALUES ('15', 'zhaoqi1', 'd785c99d298a4e9e6e13fe99e602ef42', '1234565@qq.com', '2016-11-09 14:03:02', '2016-11-09 14:03:02');
INSERT INTO `sys_user` VALUES ('16', 'zhaoqi2', 'd785c99d298a4e9e6e13fe99e602ef42', '1234565@qq.com', '2016-11-09 14:03:03', '2016-11-09 14:03:03');
INSERT INTO `sys_user` VALUES ('17', 'renshi', 'd785c99d298a4e9e6e13fe99e602ef42', '1234565@qq.com', '2016-11-09 14:03:04', '2016-11-09 14:03:04');

-- ----------------------------
-- Table structure for sys_user_group
-- ----------------------------
DROP TABLE IF EXISTS `sys_user_group`;
CREATE TABLE `sys_user_group` (
  `group_id` int(11) NOT NULL AUTO_INCREMENT,
  `group_name` varchar(20) DEFAULT NULL,
  `parent_id` int(11) DEFAULT NULL,
  PRIMARY KEY (`group_id`)
) ENGINE=InnoDB AUTO_INCREMENT=20 DEFAULT CHARSET=utf8;

-- ----------------------------
-- Records of sys_user_group
-- ----------------------------
INSERT INTO `sys_user_group` VALUES ('2', '', '0');
INSERT INTO `sys_user_group` VALUES ('3', '', '2');
INSERT INTO `sys_user_group` VALUES ('4', '', '3');
INSERT INTO `sys_user_group` VALUES ('6', '', '2');
INSERT INTO `sys_user_group` VALUES ('7', '', '6');
INSERT INTO `sys_user_group` VALUES ('8', '', '6');
INSERT INTO `sys_user_group` VALUES ('9', '', '3');
INSERT INTO `sys_user_group` VALUES ('10', '', '3');
INSERT INTO `sys_user_group` VALUES ('11', '', '4');
INSERT INTO `sys_user_group` VALUES ('12', '', '9');
INSERT INTO `sys_user_group` VALUES ('13', '', '10');
INSERT INTO `sys_user_group` VALUES ('14', '', '4');
INSERT INTO `sys_user_group` VALUES ('15', '', '12');
INSERT INTO `sys_user_group` VALUES ('16', '', '12');
INSERT INTO `sys_user_group` VALUES ('17', '', '12');
INSERT INTO `sys_user_group` VALUES ('18', '', '12');
INSERT INTO `sys_user_group` VALUES ('19', 'IT', '2');

-- ----------------------------
-- Table structure for sys_user_group_ref_role
-- ----------------------------
DROP TABLE IF EXISTS `sys_user_group_ref_role`;
CREATE TABLE `sys_user_group_ref_role` (
  `user_group_id` int(11) DEFAULT NULL,
  `role_id` int(11) DEFAULT NULL
) ENGINE=InnoDB DEFAULT CHARSET=utf8;

-- ----------------------------
-- Records of sys_user_group_ref_role
-- ----------------------------
INSERT INTO `sys_user_group_ref_role` VALUES ('2', '1');
INSERT INTO `sys_user_group_ref_role` VALUES ('12', '1');

-- ----------------------------
-- Table structure for sys_user_group_ref_user
-- ----------------------------
DROP TABLE IF EXISTS `sys_user_group_ref_user`;
CREATE TABLE `sys_user_group_ref_user` (
  `user_group_id` int(11) DEFAULT NULL,
  `user_id` int(11) DEFAULT NULL
) ENGINE=InnoDB DEFAULT CHARSET=utf8;

-- ----------------------------
-- Records of sys_user_group_ref_user
-- ----------------------------
INSERT INTO `sys_user_group_ref_user` VALUES ('12', '1');

-- ----------------------------
-- Table structure for sys_user_ref_role
-- ----------------------------
DROP TABLE IF EXISTS `sys_user_ref_role`;
CREATE TABLE `sys_user_ref_role` (
  `user_id` int(11) DEFAULT NULL,
  `role_id` int(11) DEFAULT NULL
) ENGINE=InnoDB DEFAULT CHARSET=utf8;

-- ----------------------------
-- Records of sys_user_ref_role
-- ----------------------------
INSERT INTO `sys_user_ref_role` VALUES ('4', '3');
INSERT INTO `sys_user_ref_role` VALUES ('4', '9');
INSERT INTO `sys_user_ref_role` VALUES ('7', '7');
INSERT INTO `sys_user_ref_role` VALUES ('7', '8');
INSERT INTO `sys_user_ref_role` VALUES ('8', '6');
INSERT INTO `sys_user_ref_role` VALUES ('8', '7');
INSERT INTO `sys_user_ref_role` VALUES ('2', '6');
INSERT INTO `sys_user_ref_role` VALUES ('1', '1');
INSERT INTO `sys_user_ref_role` VALUES ('1', '16');
INSERT INTO `sys_user_ref_role` VALUES ('17', '15');
